words_in_post_text,frequency
house,453
one,436
like,395
room,378
time,360
night,287
back,274
door,268
thing,230
something,211
day,205
see,198
year,197
know,192
story,186
go,185
mom,183
never,177
light,175
told,168
friend,166
went,166
saw,165
home,163
experience,153
happened,153
bed,149
heard,142
old,141
looked,140
started,134
felt,134
hear,132
first,132
ghost,132
away,125
always,122
sleep,121
little,120
right,120
family,119
thought,118
way,117
think,116
dad,109
next,108
nothing,108
open,106
also,103
eye,103
going,103
say,102
asked,100
someone,98
living,97
really,97
parent,95
people,91
come,90
feeling,89
seen,89
brother,88
anything,88
since,88
tell,88
feel,87
moved,86
much,84
every,83
left,81
another,81
want,80
sound,77
two,77
paranormal,76
believe,76
dark,75
place,75
sister,75
floor,74
ago,74
remember,73
window,72
scared,72
man,71
side,71
turn,71
lived,70
bathroom,70
sure,69
bedroom,69
make,69
work,69
black,68
long,68
last,67
find,67
look,67
wall,67
later,66
morning,66
lot,66
head,65
anyone,65
life,65
made,64
woman,63
came,63
turned,63
woke,63
kid,62
weird,62
kitchen,62
figure,61
tried,61
across,61
many,61
front,61
well,60
looking,60
son,60
walk,59
passed,59
mother,58
couple,58
maybe,57
decided,56
week,56
foot,56
car,56
ever,55
move,55
talking,55
found,55
dream,54
asleep,54
voice,54
behind,54
hand,54
minute,53
almost,53
sitting,53
point,53
hallway,52
person,52
take,52
called,52
knew,51
name,51
getting,51
walking,51
school,51
coming,51
watching,50
used,50
part,50
else,50
kind,50
though,49
put,49
shadow,49
seeing,49
walked,49
second,49
standing,49
inside,49
face,48
close,48
dog,48
trying,48
alone,47
happen,47
stuff,47
end,47
spirit,46
month,46
closed,46
took,46
let,46
grandma,45
bad,45
pretty,45
new,44
stop,44
might,44
mind,43
reason,42
died,42
garage,42
key,42
try,41
call,41
girl,41
thinking,41
quickly,40
ran,40
live,40
wanted,40
late,40
phone,40
playing,40
middle,40
outside,40
apartment,40
corner,40
stay,40
cat,40
small,40
start,39
everything,39
tv,39
experienced,39
kept,38
past,38
hour,38
far,38
noise,38
real,38
building,38
suddenly,38
probably,37
guy,37
three,37
stopped,37
different,37
bit,37
gone,37
good,37
sometimes,37
wake,37
saying,36
stair,36
either,36
video,36
keep,35
scary,35
opened,35
couch,35
best,35
haunted,35
whatever,34
moving,34
hair,34
loud,34
street,34
child,34
encounter,33
white,33
death,33
help,33
check,33
arm,33
area,33
however,33
love,33
run,33
doe,32
noticed,32
set,32
explanation,32
completely,32
top,32
husband,32
similar,32
fell,32
leave,31
cold,31
item,31
strange,31
idea,31
built,31
sat,31
towards,31
sleeping,31
eventually,31
telling,31
often,31
town,31
normal,31
please,31
soon,31
immediately,31
body,31
question,31
enough,30
stayed,30
shut,30
everyone,30
activity,30
glass,29
hard,29
father,29
closet,29
mean,29
aunt,29
wife,29
big,29
actually,29
sounded,28
sort,28
usually,28
ask,28
fast,28
freaked,28
upstairs,28
young,27
talk,27
able,27
awake,27
grandmother,27
slowly,27
slept,27
may,27
confused,27
staring,27
share,27
cry,26
grandfather,26
near,26
missing,26
basement,26
yet,26
early,26
ceiling,26
sense,26
whole,26
large,26
locked,25
watched,25
particular,25
ground,25
several,25
knock,25
member,25
downstairs,25
table,25
happening,25
done,24
quite,24
http,24
boy,24
along,24
working,23
footstep,23
making,23
moment,23
recently,23
crazy,23
yes,23
shower,23
daughter,23
ended,23
seemed,22
half,22
cousin,22
road,22
post,22
fall,22
chill,22
watch,22
field,22
already,21
photo,21
loved,21
straight,21
summer,21
need,21
mum,21
reading,21
dustin,21
trunk,21
pull,21
play,21
anyway,21
entity,21
definitely,21
case,21
explain,20
course,20
hit,20
wood,20
use,20
doorway,20
needed,20
nice,20
realized,20
creepy,20
memory,20
touch,20
stood,20
seem,20
edge,20
hill,20
became,20
hall,20
dead,19
uncle,19
poltergeist,19
demon,19
met,19
neighbor,19
step,19
exactly,19
older,19
boyfriend,19
high,19
leg,19
except,19
closer,19
terrified,19
etc,19
picture,19
finally,19
must,19
air,19
read,19
onto,19
hearing,19
game,18
worked,18
began,18
full,18
waiting,18
clothes,18
fear,18
give,18
grandparent,18
turning,18
human,18
gave,17
age,17
followed,17
world,17
computer,17
cover,17
personal,17
lost,17
dinner,17
line,17
clear,17
tall,17
least,17
candle,17
hat,17
box,17
grandpa,17
water,17
obviously,17
multiple,17
show,17
wearing,17
hole,16
event,16
visit,16
single,16
fob,16
bought,16
unlocked,16
mention,16
younger,16
store,16
spooky,16
paralysis,16
short,16
property,16
longer,16
spent,16
whenever,16
given,16
angry,16
finger,16
forgot,16
born,16
tee,16
hospital,16
nobody,15
without,15
opening,15
better,15
evening,15
appeared,15
continued,15
asking,15
wind,15
matter,15
talked,15
believed,15
mine,15
third,15
park,15
deer,15
lying,15
happens,15
jumped,15
convinced,15
sorry,15
rest,15
rebecca,15
fan,15
visiting,15
huge,15
type,15
understand,15
wrong,15
anymore,15
passing,15
running,15
heavy,15
book,15
random,15
le,15
tree,14
lady,14
spot,14
speak,14
reached,14
facing,14
ear,14
connected,14
ca,14
woken,14
heart,14
especially,14
empty,14
stand,14
presence,14
notice,14
sit,14
hanging,14
handle,14
thank,14
country,14
childhood,14
others,14
mentioned,14
sudden,14
comment,14
business,14
prior,14
hope,14
touching,14
clearly,13
conversation,13
panic,13
silent,13
super,13
rather,13
forward,13
using,13
waking,13
cause,13
yard,13
starting,13
word,13
direction,13
together,13
directly,13
horse,13
logical,13
blood,13
extremely,13
true,13
brought,13
blanket,13
grew,13
detail,13
beside,13
scare,13
hurt,13
afraid,13
figured,13
power,13
roommate,13
leaving,13
absolutely,13
belief,13
owner,13
knocking,13
listening,13
war,13
kinda,13
describe,13
toy,13
path,13
oh,12
state,12
within,12
screaming,12
pulled,12
hello,12
reach,12
quick,12
placed,12
okay,12
treeline,12
broken,12
gf,12
thanks,12
scream,12
object,12
hey,12
laying,12
deep,12
job,12
im,12
swear,12
great,12
red,12
fact,12
seems,12
incident,12
tired,12
spend,12
cemetery,12
taken,12
normally,12
horror,12
odd,12
staying,12
attached,12
pitch,12
smell,12
rolled,12
chair,12
previous,12
darkness,12
funeral,12
forget,12
dropped,12
specific,12
city,12
lol,12
slightly,12
group,12
silence,12
mirror,12
silhouette,12
begin,12
frightened,12
four,12
girlfriend,12
issue,12
note,12
answered,11
dress,11
grabbed,11
number,11
spoke,11
wait,11
ignore,11
shortly,11
simply,11
breath,11
baby,11
today,11
guess,11
doll,11
occasion,11
anyways,11
pushed,11
throughout,11
wish,11
following,11
evidence,11
filled,11
attention,11
shape,11
entire,11
level,11
catch,11
adult,11
civil,11
nightmare,11
somehow,11
tenant,11
sign,11
chest,11
caught,11
literally,11
played,11
anywhere,11
situation,11
weekend,11
blue,11
instead,11
till,11
lamp,11
calling,11
brick,11
answer,11
worse,11
strong,11
mattress,11
possible,10
ready,10
laid,10
assumed,10
worried,10
switch,10
known,10
slammed,10
happy,10
investigate,10
basically,10
pale,10
dining,10
pick,10
curious,10
view,10
somewhere,10
low,10
knee,10
camera,10
piece,10
response,10
master,10
party,10
visited,10
remembered,10
fuck,10
farm,10
ok,10
sad,10
shelf,10
care,10
closing,10
office,10
thin,10
shared,10
bottom,10
alive,10
common,10
curtain,10
fun,10
na,10
train,10
mental,10
youtube,10
stuck,10
nearly,10
ignored,10
hot,10
terrifying,10
energy,10
changed,9
sharing,9
become,9
expecting,9
neither,9
dresser,9
doctor,9
laundry,9
neck,9
meaning,9
mile,9
tina,9
replied,9
flashlight,9
problem,9
shit,9
bottle,9
calm,9
guest,9
imagine,9
cup,9
movie,9
although,9
interesting,9
haunting,9
roll,9
staff,9
scratch,9
finished,9
history,9
music,9
main,9
neighborhood,9
shaking,9
hung,9
weirdest,9
background,9
mouth,9
yesterday,9
anxiety,9
currently,9
hide,9
lifted,9
everywhere,9
color,9
location,9
quiet,9
agreed,9
wore,9
startled,9
paper,9
sed,9
toward,9
stared,9
distance,9
medium,9
held,9
certain,9
wonder,9
witch,9
bothell,9
bright,9
scariest,9
self,9
easily,8
vision,8
brain,8
contact,8
somebody,8
flip,8
channel,8
blind,8
intercom,8
whispering,8
terror,8
drive,8
break,8
haunt,8
truly,8
bear,8
sighting,8
bring,8
disappeared,8
apparently,8
shot,8
recall,8
deal,8
throw,8
disappear,8
trick,8
hang,8
beginning,8
sick,8
honestly,8
opposite,8
niece,8
checked,8
yelled,8
writing,8
taking,8
hotel,8
supernatural,8
led,8
flat,8
midnight,8
lit,8
unlock,8
touched,8
wide,8
space,8
safe,8
movement,8
ritual,8
banging,8
bank,8
danger,8
fire,8
exact,8
fine,8
holiday,8
towel,8
snapped,8
block,8
process,8
constantly,8
slam,8
cool,8
bos,8
jewelry,8
knowing,8
lock,8
pm,8
decide,8
sharp,8
attic,8
crate,8
occurred,8
forth,8
didnt,8
feature,8
hoping,8
creature,8
god,8
including,8
crib,8
driveway,8
original,8
liked,8
pool,8
likely,8
hell,8
google,8
warning,8
blew,8
client,8
frozen,8
named,8
buried,8
encountered,8
edit,8
size,7
falling,7
courtyard,7
transparent,7
laughing,7
imagination,7
parker,7
message,7
episode,7
giggling,7
truck,7
radio,7
interested,7
pas,7
free,7
account,7
none,7
settled,7
plan,7
porch,7
papa,7
staircase,7
breeze,7
imaginary,7
grandad,7
spotted,7
theory,7
keith,7
creak,7
occurrence,7
pdu,7
mississippi,7
bfs,7
shift,7
holding,7
unfortunately,7
circle,7
deceased,7
bf,7
ring,7
final,7
brush,7
join,7
louder,7
die,7
doorbell,7
coffee,7
wondering,7
worth,7
smoke,7
podcast,7
important,7
portion,7
reflection,7
speaking,7
teddy,7
slide,7
somewhat,7
ten,7
storage,7
scratching,7
knocked,7
twice,7
grave,7
fireplace,7
perhaps,7
english,7
rented,7
gotten,7
outlet,7
anybody,7
sold,7
habit,7
carpet,7
research,7
board,7
teenager,7
screamed,7
broke,7
bag,7
drawer,7
cried,7
excited,7
snack,7
motion,7
screen,7
rural,7
cancer,7
evil,7
suffering,7
present,7
understood,7
cleaning,7
return,7
due,7
pain,7
local,7
separate,7
context,7
nana,7
track,7
pray,7
grab,7
claim,7
tap,7
explained,7
clean,7
facility,7
pub,7
hold,7
meant,7
sheet,7
uk,7
fully,7
volume,7
kicked,7
change,7
ride,6
current,6
enter,6
friendly,6
lane,6
fallen,6
bath,6
landlord,6
mess,6
serious,6
pointed,6
drop,6
hate,6
singing,6
faced,6
randomly,6
mostly,6
individual,6
zo,6
comfortable,6
male,6
rlly,6
general,6
boston,6
wasnt,6
waited,6
apart,6
maid,6
land,6
uncomfortable,6
gon,6
beautiful,6
animal,6
length,6
reported,6
frank,6
upon,6
tapping,6
besides,6
tea,6
den,6
equipment,6
el,6
quietly,6
laugh,6
buy,6
mobile,6
stream,6
headphone,6
kill,6
form,6
heat,6
spare,6
laughed,6
showed,6
stare,6
pulling,6
funny,6
supposed,6
sub,6
fountain,6
worst,6
visible,6
impossible,6
shoulder,6
test,6
bulb,6
swimming,6
necklace,6
ghostly,6
money,6
smiled,6
showing,6
style,6
tophat,6
uneasy,6
putting,6
possibly,6
church,6
despite,6
add,6
reaction,6
previously,6
foster,6
bible,6
threw,6
cut,6
dish,6
wiring,6
skeptic,6
sofa,6
clock,6
shock,6
praying,6
balloon,6
bush,6
forever,6
brian,6
clue,6
dragged,6
information,6
picked,6
respect,6
regret,6
sleepwalk,6
resident,6
cabinet,6
vibe,6
particularly,6
flying,6
sight,6
converted,6
shook,6
counter,6
round,6
afternoon,6
imagining,6
consider,6
action,6
five,6
female,6
connect,6
rent,6
hidden,6
massive,6
nature,6
anger,6
soul,6
tend,6
example,6
handprints,6
loudly,6
basket,6
flickered,6
clearing,6
shaken,6
health,6
instantly,6
bc,6
covered,6
eerie,6
barely,6
creepiest,6
freaking,6
messing,6
fucking,6
dot,6
whisper,6
refused,6
idk,6
shake,5
naked,5
disappearing,5
mode,5
allowed,5
headstone,5
wet,5
nanny,5
paused,5
oldest,5
pointing,5
classmate,5
usual,5
flickering,5
earlier,5
inch,5
conclusion,5
demonic,5
pause,5
info,5
related,5
miss,5
shown,5
ppl,5
content,5
faded,5
included,5
convince,5
bar,5
unusual,5
comfort,5
center,5
address,5
recognize,5
dying,5
stated,5
immediate,5
partner,5
enjoy,5
slid,5
vertical,5
relative,5
familiar,5
period,5
nose,5
described,5
regular,5
device,5
paranoid,5
believer,5
food,5
active,5
tear,5
si,5
damn,5
pappa,5
camp,5
hi,5
spiritual,5
throwing,5
reddit,5
appreciate,5
communicate,5
gently,5
raised,5
accident,5
reaching,5
knowledge,5
aware,5
england,5
annoyed,5
solid,5
alot,5
skeptical,5
regularly,5
mystery,5
wanting,5
trouble,5
closest,5
creep,5
advice,5
follow,5
dirt,5
breathe,5
dealing,5
phenomenon,5
needle,5
la,5
warned,5
infront,5
crawl,5
prayer,5
breaking,5
returned,5
sits,5
perfectly,5
subject,5
cabin,5
appearing,5
sent,5
pot,5
tho,5
backstory,5
handprint,5
push,5
button,5
fight,5
upset,5
dreaming,5
invisible,5
dismissiveness,5
rational,5
alarm,5
awful,5
posting,5
popped,5
date,5
devoid,5
teen,5
thrown,5
brave,5
coincidence,5
drinking,5
ton,5
balcony,5
fly,5
suppose,5
lasted,5
harm,5
intense,5
distinct,5
flipped,5
flash,5
search,5
coworker,5
speaker,5
backyard,5
narrow,5
dozen,5
frightening,5
cuz,5
managed,5
sun,5
knife,5
central,5
ac,5
mistake,5
banshee,5
poster,5
tug,5
warm,5
dressed,5
hiding,5
southern,5
grade,5
exploded,5
cleaned,5
cremation,5
wrist,5
hated,5
sink,5
dial,5
respond,5
certainly,5
seriously,5
tucked,5
fridge,5
landing,5
whispered,5
typical,5
realize,5
neighbour,5
saturday,5
west,5
electrical,5
dread,5
ball,5
sensitive,5
stupid,5
emf,5
paso,5
driving,5
six,5
description,5
height,5
actual,5
overall,5
island,5
fake,5
unexplainable,5
dim,5
college,5
suffered,5
peek,5
overwhelming,5
personally,5
orb,5
recording,5
intruder,5
remaining,5
site,5
setting,5
creating,5
photograph,4
exist,4
science,4
various,4
demolished,4
pressed,4
limb,4
inner,4
riding,4
brown,4
proceeded,4
bored,4
witness,4
speed,4
lynn,4
written,4
wondered,4
rang,4
truth,4
silently,4
tale,4
halfway,4
grey,4
cross,4
glad,4
responded,4
restaurant,4
concerned,4
listened,4
wardrobe,4
flew,4
rocking,4
sarah,4
continue,4
report,4
fairly,4
strangely,4
smelled,4
crypt,4
cupboard,4
teeth,4
keg,4
depression,4
class,4
elsewhere,4
busy,4
sleepwalking,4
shadowy,4
specifically,4
alert,4
fever,4
position,4
raise,4
unsettled,4
josh,4
pic,4
lower,4
underneath,4
considered,4
north,4
careful,4
mansion,4
sibling,4
bike,4
stuffed,4
helped,4
shopping,4
sneak,4
leaf,4
recent,4
forehead,4
meet,4
build,4
gate,4
force,4
irish,4
wan,4
source,4
jade,4
posted,4
vividly,4
floorboard,4
calmly,4
bother,4
suicide,4
dismissive,4
comforting,4
golden,4
freezer,4
ab,4
mid,4
joseph,4
january,4
reappear,4
cracked,4
mood,4
indeed,4
plenty,4
fiance,4
wouldnt,4
hears,4
claimed,4
slipper,4
leading,4
forgotten,4
thermostat,4
sliding,4
plastic,4
killed,4
gas,4
draw,4
lunch,4
surprise,4
smile,4
ate,4
skin,4
questioned,4
barking,4
palm,4
limited,4
insert,4
pounding,4
er,4
cigarette,4
elderly,4
weight,4
spooked,4
slamming,4
highly,4
grocery,4
freezing,4
chicago,4
remains,4
based,4
whether,4
tag,4
nearby,4
transferred,4
battle,4
observation,4
bone,4
ash,4
steel,4
trip,4
unable,4
emotion,4
evp,4
overwhelmed,4
happend,4
bud,4
climb,4
fresh,4
drink,4
roughly,4
favourite,4
entered,4
spelling,4
mad,4
married,4
sideways,4
discus,4
located,4
appointment,4
occasionally,4
unit,4
dense,4
contacted,4
mentally,4
investigation,4
india,4
vanished,4
witnessed,4
tour,4
pay,4
public,4
losing,4
castle,4
attack,4
grabbing,4
burying,4
bird,4
sluice,4
incredibly,4
drove,4
noticeable,4
rug,4
flung,4
quit,4
growing,4
charlie,4
estaba,4
creaking,4
residence,4
company,4
en,4
possibility,4
online,4
obvious,4
abandoned,4
version,4
searched,4
bunch,4
de,4
shine,4
chose,4
draft,4
whoever,4
static,4
slight,4
higher,4
halloween,4
excuse,4
breaker,4
maintenance,4
joined,4
chalked,4
eat,4
ending,4
jumping,4
employee,4
weeping,4
br,4
chapel,4
dangerous,4
service,4
visitation,4
attacked,4
horrible,4
occupant,4
police,4
christmas,4
pretended,4
study,4
goosebump,4
winter,4
faint,4
illness,4
brushed,4
dizzy,4
soft,4
initially,4
mud,4
coat,4
grand,4
existing,4
frequently,4
elementary,4
asylum,4
dementia,4
hunter,4
struggling,4
forest,4
creeped,4
jump,4
everybody,4
tx,4
pop,4
surrounding,4
behavior,4
vivid,4
coin,4
stepped,4
wo,4
adjacent,4
tuck,4
plus,4
restroom,4
ish,4
insomnia,4
packed,4
math,4
catholic,4
nowhere,4
rack,4
simple,4
suit,4
degree,4
provide,4
men,4
access,4
sleepy,4
indent,4
decade,3
safety,3
wonderful,3
sweating,3
gentle,3
drift,3
naturally,3
begging,3
control,3
burn,3
extent,3
underbrush,3
ambulance,3
impression,3
loss,3
glove,3
keept,3
trail,3
task,3
assume,3
surrounded,3
weighed,3
lately,3
alright,3
register,3
roaming,3
blah,3
spiderman,3
act,3
costume,3
lie,3
blowing,3
lead,3
base,3
purchased,3
farther,3
downloaded,3
cheap,3
stunned,3
supposedly,3
framed,3
irritated,3
harder,3
greg,3
entirely,3
bounced,3
retirement,3
classroom,3
bogland,3
periodically,3
easy,3
vacant,3
continuous,3
stack,3
shocking,3
rid,3
pushing,3
drawing,3
sage,3
bookshelf,3
physical,3
pen,3
dashboard,3
ability,3
alley,3
surprised,3
additional,3
admittedly,3
dropping,3
finding,3
routine,3
intelligent,3
severe,3
extra,3
logic,3
floating,3
daytime,3
compared,3
department,3
buddha,3
acre,3
witnessing,3
considerable,3
brief,3
bus,3
genuinely,3
lighter,3
keeping,3
appears,3
concern,3
fingernail,3
mainly,3
junk,3
smiling,3
divorced,3
via,3
understandably,3
record,3
sadly,3
guessing,3
teacher,3
crawling,3
privacy,3
inexplicably,3
enjoyed,3
schoolers,3
latched,3
trashed,3
cartoon,3
card,3
lack,3
wander,3
protect,3
powered,3
minded,3
brushing,3
rule,3
hoodie,3
bedtime,3
thankfully,3
goodbye,3
introduce,3
thats,3
bond,3
tight,3
installed,3
tuxedo,3
studying,3
prep,3
update,3
impact,3
yelling,3
repeatedly,3
busted,3
peaceful,3
oversaw,3
tragic,3
longest,3
community,3
typo,3
hid,3
restored,3
practicing,3
kindergarten,3
muffled,3
giant,3
overnight,3
failed,3
mark,3
attach,3
devastated,3
tripped,3
retriever,3
relax,3
lung,3
lay,3
television,3
picking,3
delete,3
blessed,3
murdered,3
cigar,3
pant,3
exciting,3
according,3
sp,3
urge,3
jim,3
unbelievable,3
exit,3
discussed,3
parked,3
spring,3
bending,3
depressed,3
favorite,3
proceed,3
baseline,3
dreamt,3
brook,3
purpose,3
butt,3
simba,3
split,3
amount,3
mysterious,3
lynnie,3
til,3
toe,3
dude,3
awhile,3
acting,3
unless,3
listen,3
minor,3
downtown,3
bump,3
prominent,3
john,3
cottage,3
realised,3
shrugged,3
alien,3
occupier,3
interest,3
lake,3
nevertheless,3
suggested,3
malevolent,3
texting,3
mail,3
corn,3
pero,3
shoe,3
interval,3
snow,3
desk,3
sweet,3
deadbolt,3
unseen,3
psssst,3
swore,3
nervous,3
bead,3
joking,3
joke,3
hamper,3
kiss,3
paralysed,3
december,3
basis,3
shocked,3
metal,3
intuition,3
daily,3
range,3
countless,3
colour,3
magnet,3
confirmed,3
snuck,3
pattern,3
heating,3
added,3
mass,3
glowing,3
yea,3
ex,3
thrift,3
input,3
wound,3
assigned,3
complete,3
repeating,3
pile,3
headset,3
welcome,3
heading,3
lawn,3
cloaked,3
generally,3
scientific,3
arrive,3
curiosity,3
washing,3
toilet,3
confusion,3
snap,3
messed,3
wrapped,3
significant,3
religious,3
dont,3
freeze,3
healing,3
unplugged,3
bite,3
squealing,3
cleared,3
major,3
outline,3
green,3
nan,3
topic,3
rustling,3
write,3
id,3
chance,3
perceptive,3
amazing,3
continuing,3
missed,3
breathing,3
rotten,3
casually,3
froze,3
stick,3
crack,3
weirded,3
vent,3
filament,3
intact,3
security,3
fading,3
app,3
duty,3
nightstand,3
pissed,3
reaper,3
relationship,3
scooty,3
relocated,3
blotch,3
parking,3
treatment,3
haha,3
removed,3
greeted,3
guilt,3
questioning,3
briefly,3
twenty,3
appear,3
weed,3
inhaler,3
upper,3
stomach,3
unique,3
constant,3
exposed,3
originally,3
observe,3
packing,3
invited,3
finish,3
bog,3
african,3
wave,3
que,3
nope,3
subreddit,3
sorta,3
extraño,3
dimension,3
settling,3
reader,3
learn,3
wrote,3
handful,3
terribly,3
freak,3
difference,3
bare,3
shortcut,3
tonight,3
elbow,3
cooking,3
buddy,3
mi,3
flesh,3
newspaper,3
escape,3
series,3
stroke,3
ridiculous,3
answering,3
sensation,3
classic,3
apparition,3
pup,3
unlikely,3
article,3
unrelated,3
birth,3
midst,3
wear,3
spending,3
freaky,3
becoming,3
cast,3
instance,3
otherwise,3
attracted,3
cap,3
professional,3
scholarship,3
realistic,3
opinion,3
diffrent,3
youngest,3
finishing,3
driver,3
sized,3
taught,3
disabled,3
importantly,3
numerous,3
owns,3
heck,3
trapped,3
foreman,3
resting,3
thru,3
dismissed,3
weather,3
strongly,3
caused,3
mechanic,3
approach,3
weak,3
bolt,3
van,3
system,3
auction,3
awoke,3
aside,3
yeah,3
paid,3
expected,3
peak,3
stench,3
seemingly,3
hundred,3
spectrum,3
attachment,3
scene,3
remained,3
perplexed,3
assisted,3
landed,3
protection,3
devil,3
lip,3
revelation,2
rested,2
pair,2
embarrassed,2
pastoral,2
skylight,2
scrabbling,2
reportedly,2
honest,2
complain,2
asphalt,2
shop,2
violently,2
comic,2
rolling,2
knob,2
alcoholic,2
minister,2
earth,2
beer,2
locking,2
heater,2
elaborate,2
verify,2
tiny,2
fade,2
deployment,2
ocean,2
stroll,2
nurse,2
newly,2
housing,2
dating,2
counselor,2
cute,2
visual,2
squirrel,2
squeeze,2
engrossed,2
admit,2
panicked,2
nightlight,2
totally,2
cooling,2
distinctly,2
circumstance,2
prank,2
thick,2
appliance,2
south,2
shout,2
dumbfounded,2
spanish,2
cant,2
phantom,2
minimum,2
growl,2
genitals,2
famous,2
wavelength,2
nursing,2
millimeter,2
comprehend,2
acquired,2
cable,2
pound,2
realizing,2
psychic,2
versa,2
grammar,2
noted,2
nonetheless,2
former,2
snake,2
ugly,2
willing,2
proof,2
statue,2
fat,2
kissing,2
grim,2
noon,2
museum,2
graduated,2
flicked,2
sadness,2
committed,2
relaxing,2
contacting,2
fuzzy,2
nerve,2
separated,2
chalk,2
stress,2
responds,2
double,2
planning,2
verse,2
chapter,2
yr,2
kick,2
tink,2
carry,2
promised,2
sworn,2
plot,2
rarely,2
hunted,2
bankrupt,2
whomever,2
imagined,2
tendril,2
validated,2
existence,2
funky,2
possessed,2
operating,2
founded,2
snuggled,2
studied,2
blair,2
rare,2
sinister,2
crap,2
auntie,2
divorce,2
searching,2
sealed,2
inconvenience,2
sky,2
hungry,2
logically,2
stain,2
print,2
renovating,2
indoor,2
suspicious,2
remote,2
workplace,2
pipe,2
thus,2
culture,2
machine,2
closeness,2
pc,2
stairwell,2
london,2
killer,2
monday,2
click,2
experiencing,2
culprit,2
everyday,2
ruled,2
confirm,2
spread,2
argue,2
renovated,2
serial,2
condition,2
remain,2
scanning,2
lover,2
iron,2
tactic,2
wrought,2
lanky,2
subtle,2
sword,2
november,2
news,2
vehicle,2
facial,2
peace,2
upright,2
submerged,2
constable,2
march,2
victim,2
grown,2
garda,2
dangling,2
wee,2
sometime,2
alerting,2
sprung,2
fitting,2
file,2
wedding,2
honor,2
authority,2
jiggle,2
renting,2
price,2
prepared,2
shining,2
moonlight,2
impending,2
project,2
director,2
potentially,2
medical,2
stretch,2
officer,2
nodding,2
vine,2
killing,2
rat,2
christian,2
gym,2
sensor,2
entering,2
gossip,2
requires,2
cloak,2
desert,2
certified,2
sunrise,2
save,2
rock,2
anxious,2
rushed,2
scent,2
injury,2
rage,2
september,2
affect,2
doze,2
watered,2
dripping,2
rotting,2
identified,2
trust,2
crawled,2
sting,2
branch,2
primary,2
dearly,2
calculator,2
dramatic,2
runing,2
groaning,2
gagging,2
lifetime,2
surroundings,2
reverse,2
gore,2
page,2
highest,2
worthless,2
typing,2
seat,2
crashed,2
tile,2
worker,2
rear,2
slowed,2
aback,2
pink,2
skinny,2
stomping,2
recommend,2
amongst,2
handsome,2
text,2
luke,2
crash,2
dumb,2
hehehe,2
hateful,2
loop,2
credit,2
dm,2
backed,2
wooden,2
stitch,2
unbearable,2
absolute,2
society,2
downwards,2
exchanged,2
lease,2
hitting,2
victorian,2
regard,2
disturbed,2
assist,2
bean,2
tone,2
entertained,2
uneventful,2
secluded,2
greeting,2
tearing,2
owned,2
sake,2
pooping,2
reality,2
unexplained,2
excitement,2
sleepily,2
pinned,2
swim,2
literal,2
ordinary,2
darker,2
order,2
chillingham,2
slim,2
streetlight,2
gg,2
arriving,2
poor,2
star,2
spell,2
ouija,2
choice,2
belongs,2
considering,2
raising,2
ice,2
relevant,2
mate,2
swears,2
overgrown,2
strangest,2
giving,2
deny,2
similarly,2
vacation,2
digging,2
spark,2
trap,2
peculiar,2
hiking,2
letter,2
nanas,2
jean,2
irritable,2
plain,2
undeniable,2
underground,2
smoking,2
satanic,2
bearing,2
flowing,2
moon,2
log,2
cleanse,2
warn,2
tia,2
drained,2
pillow,2
remembers,2
brightest,2
faith,2
mary,2
france,2
horrified,2
pose,2
veil,2
waist,2
ribbon,2
layer,2
explaining,2
nona,2
seek,2
tingling,2
dishwasher,2
helping,2
allow,2
glancing,2
seeker,2
horrific,2
grieving,2
twilight,2
clawing,2
stone,2
echoing,2
startling,2
luckily,2
utterly,2
daylight,2
distressed,2
natural,2
distress,2
pace,2
characteristic,2
skipping,2
bathing,2
timey,2
blond,2
chase,2
blonde,2
spoken,2
developed,2
angel,2
miscarriage,2
rode,2
formerly,2
worry,2
heavily,2
dusk,2
fairy,2
wtf,2
distraught,2
favour,2
mini,2
forty,2
tied,2
primal,2
knuckle,2
aged,2
unsure,2
flashed,2
pacing,2
depth,2
ward,2
magic,2
expert,2
ancient,2
sooner,2
fill,2
audible,2
countryside,2
atmosphere,2
fox,2
insane,2
feeding,2
discovered,2
perfume,2
salamander,2
effect,2
increasingly,2
swirl,2
immersing,2
signal,2
gardenia,2
volunteered,2
psych,2
emerge,2
stronger,2
bell,2
lazy,2
container,2
nap,2
fellow,2
ripped,2
organized,2
crystal,2
goddamn,2
press,2
announce,2
dust,2
crematory,2
centre,2
horn,2
mistook,2
wit,2
sceptic,2
chilling,2
whistling,2
environment,2
hockey,2
positive,2
ringing,2
corridor,2
linger,2
deliberately,2
illuminating,2
scarf,2
difficult,2
remind,2
strewn,2
scaryanimated,2
scar,2
buckle,2
snapshot,2
propped,2
makeup,2
campaign,2
tense,2
momentarily,2
animated,2
highway,2
uploaded,2
resided,2
unsafe,2
doubt,2
colder,2
passenger,2
sólo,2
foosball,2
collection,2
relieving,2
porcelain,2
wild,2
overlooking,2
peered,2
miré,2
avail,2
nodded,2
shifted,2
spoon,2
cutting,2
bullet,2
crunch,2
insurance,2
forgive,2
risk,2
chatting,2
associated,2
network,2
jerk,2
neglected,2
unmistakable,2
slow,2
levanté,2
carefully,2
hopefully,2
author,2
belong,2
noticing,2
focused,2
suburban,2
hanger,2
title,2
subreddits,2
elephant,2
preface,2
healthy,2
insisted,2
abnormal,2
minus,2
manually,2
sunk,2
cual,2
stepdad,2
spine,2
enclosed,2
grinning,2
approached,2
luck,2
breakdown,2
seeming,2
crossed,2
hangout,2
hunt,2
concentrate,2
sturdy,2
scaring,2
anniversary,2
layered,2
brings,2
pet,2
bang,2
attendant,2
impossibly,2
slapped,2
salt,2
rebellious,2
intensely,2
deleting,2
sock,2
limo,2
ft,2
obsessed,2
rise,2
shuffling,2
barrel,2
deleted,2
warwickshire,2
vibration,2
guaranteed,2
list,2
shooting,2
surely,2
forced,2
religion,2
climbed,2
grammatical,2
flinch,2
betsy,2
robe,2
muddy,2
shouted,2
tuve,2
loft,2
clothing,2
selling,2
mug,2
hedge,2
gap,2
workshop,2
cord,2
outer,2
avoid,2
extension,2
feared,2
biggest,2
bringing,2
district,2
ratley,2
ghostie,2
texas,2
brahmin,2
audibly,2
pepsi,2
dreadful,2
allready,2
orphanage,2
seven,2
conjuring,2
filling,2
collectively,2
booth,2
entrance,2
renovation,2
involved,2
hired,2
expect,2
animation,2
ah,2
string,2
smoked,2
practiced,2
horroranimation,2
stranger,2
diet,2
malicious,2
hauntings,2
pride,2
escarpment,2
beloved,2
managing,2
king,2
muy,2
court,2
million,2
assure,2
largely,2
massachusetts,2
fascinated,2
faster,2
intrigued,2
investigating,2
utter,2
uncanny,2
begun,2
eight,2
spook,2
mall,2
suite,2
blast,2
result,2
florida,2
sickness,2
pony,2
scheme,2
yt,2
poorly,2
expiriance,2
sway,2
messy,2
travel,2
pointy,2
repeated,2
glance,2
upto,2
explainable,2
remove,2
hint,2
recorded,2
ventured,2
meow,2
stud,2
identifiable,2
gato,2
varying,2
gathered,2
aswell,2
indistinct,2
gibberish,2
scale,2
outskirt,2
monitor,2
pupil,2
mil,2
saving,2
plugged,2
suicidal,2
ck,2
scarymovie,2
generation,2
pressure,2
marriage,2
feed,2
stationed,2
wandering,2
sprinted,2
sank,2
abierta,2
backdoor,2
drew,2
distracted,2
abnormaly,2
journal,2
horrorstories,2
eternity,2
poked,2
prefer,2
stressed,2
properly,2
oregon,2
october,2
exorcism,2
disembodied,2
relief,2
wiggled,2
redacted,2
chuckle,2
jan,2
sh,2
boot,2
internet,2
opportunity,2
thousand,2
carrying,2
ccd,2
swing,2
straw,2
mentioning,2
gather,2
trench,2
infamous,2
nest,2
scheduled,2
rainbow,2
mountain,2
nonsense,2
quarter,2
calming,2
non,2
peering,2
alguna,2
festival,2
overhead,2
punishing,2
trampled,2
courage,2
whilst,2
assuming,2
cuckoo,2
appropriate,2
thumb,2
prayed,2
tomorrow,2
film,2
suitcase,2
latest,2
bracelet,2
youtuber,2
violent,2
caution,2
blade,2
ive,2
addition,2
annoying,2
jessica,2
jacket,2
equally,2
obnoxious,2
tldr,2
raced,2
negative,2
unreal,2
send,2
email,2
mix,2
gown,2
stake,2
combat,2
fork,2
eating,2
todd,2
accepted,2
jokingly,2
trace,2
reacted,2
student,2
remotely,2
exam,2
blocked,2
breakfast,2
commonly,2
thankyou,2
campus,2
resolve,2
thread,2
worn,2
unused,2
faintly,2
operation,2
accounted,2
asthma,2
possession,2
loose,2
pure,2
happing,2
recovered,2
mosquito,2
creeping,2
furniture,2
trailer,2
landscaping,2
terrible,2
gtfo,2
entry,2
uniform,2
learning,2
shaped,2
whimpering,2
uncommon,2
crow,2
guessed,2
occur,2
fixed,2
wealthy,2
rich,2
futon,2
drifted,2
accidentally,2
luxury,2
levitating,2
ventana,2
separately,2
collage,2
memento,2
fail,2
cursed,2
openly,2
commercial,2
peripheral,2
frame,2
stepping,2
pls,2
sec,2
landon,2
momento,2
military,2
ignoring,2
ankle,2
ese,2
sticking,1
rumor,1
theme,1
un,1
hyde,1
cama,1
hyper,1
awareness,1
paré,1
groggily,1
anoche,1
pensé,1
fanned,1
frazzled,1
waving,1
rattle,1
tan,1
bony,1
fraction,1
seared,1
remodel,1
limp,1
también,1
despierto,1
tunnel,1
sueño,1
lantern,1
freakier,1
bathtub,1
bent,1
emotional,1
chilled,1
unwinding,1
fir,1
core,1
tapped,1
nightly,1
inspect,1
crapped,1
smh,1
buying,1
website,1
capture,1
avid,1
drinker,1
steak,1
spin,1
bunk,1
tighter,1
prick,1
reachable,1
awakened,1
ounce,1
harmed,1
rx,1
progressed,1
pharmacy,1
recognizes,1
ep,1
verticle,1
laptop,1
medal,1
wider,1
unnaturally,1
consciously,1
ugh,1
flour,1
dome,1
anticlimactic,1
dusting,1
document,1
subdivision,1
whe,1
taped,1
kicker,1
shrine,1
urn,1
bill,1
alienated,1
cruel,1
btwn,1
quality,1
gained,1
eve,1
wellness,1
undiscovered,1
rental,1
fusebox,1
melissa,1
reluctantly,1
defined,1
elongated,1
song,1
muzzle,1
canine,1
fierce,1
dragon,1
image,1
casual,1
nextdoor,1
motorcycle,1
volition,1
stored,1
neat,1
orderly,1
severance,1
repair,1
preparing,1
received,1
plug,1
smelt,1
unemployed,1
chew,1
lens,1
pushbutton,1
wiped,1
ventura,1
attract,1
russian,1
striped,1
prison,1
lifeless,1
iphone,1
server,1
rhythmic,1
cleansing,1
jar,1
helpful,1
architected,1
lightswitch,1
brighten,1
antique,1
ornate,1
fourth,1
dimly,1
picturesque,1
foothill,1
frequent,1
flushed,1
peer,1
fool,1
brighter,1
menacingly,1
sellada,1
tipped,1
pj,1
parched,1
rubbing,1
sucking,1
cheek,1
fedora,1
february,1
booked,1
municipal,1
flicking,1
backing,1
kindness,1
automotive,1
schedule,1
saged,1
steep,1
obligatory,1
thou,1
burner,1
dy,1
storm,1
siren,1
uninviting,1
nosey,1
illumination,1
turnover,1
monster,1
overtired,1
observing,1
pit,1
residential,1
mon,1
shhuck,1
backrest,1
pass,1
drifting,1
wired,1
angary,1
ruffled,1
taffeta,1
necesary,1
paranoia,1
rewrite,1
swishing,1
bonnet,1
thereabouts,1
matched,1
mischief,1
cloud,1
swampy,1
switched,1
rocky,1
mound,1
glassy,1
chasing,1
rapid,1
rescored,1
tooth,1
sharewe,1
gasping,1
suspicion,1
gasp,1
conscious,1
notion,1
baptized,1
anecdote,1
yk,1
pacefully,1
impassable,1
confidently,1
breezeway,1
puppy,1
homestead,1
checking,1
quicklky,1
quitting,1
exploring,1
stomped,1
brake,1
monotone,1
nauseous,1
undid,1
horrifying,1
seatbelt,1
hurriedly,1
preferable,1
holi,1
tw,1
distant,1
interaction,1
disturb,1
depending,1
nickname,1
official,1
bury,1
peaked,1
prong,1
cynically,1
wand,1
beard,1
cashier,1
thursday,1
wednesday,1
strength,1
beat,1
doorknob,1
unexpected,1
destitute,1
explore,1
mori,1
quivering,1
tore,1
vacancy,1
owl,1
deiced,1
peach,1
rude,1
rung,1
sixth,1
solidify,1
perceived,1
amusement,1
unfortunate,1
classified,1
afforded,1
boring,1
struggled,1
afford,1
kat,1
eager,1
dip,1
cushion,1
destructive,1
introverted,1
bound,1
eternal,1
commented,1
postman,1
uncorrected,1
excellent,1
ouiji,1
involve,1
hearty,1
rand,1
highschool,1
promoted,1
chandelier,1
supervisor,1
solitude,1
urged,1
hellishly,1
unaware,1
ante,1
por,1
cosas,1
varias,1
overpowering,1
pasaron,1
dormir,1
irme,1
dejé,1
smidge,1
como,1
fue,1
así,1
alguno,1
temor,1
sentí,1
hizo,1
mente,1
nunca,1
miedo,1
al,1
saber,1
gustaría,1
reminded,1
era,1
perturbed,1
threaded,1
susceptible,1
dormido,1
glower,1
bravo,1
scarring,1
quedar,1
edited,1
correct,1
volví,1
se,1
justamente,1
eran,1
nada,1
va,1
tranquilo,1
worsened,1
dijo,1
voz,1
una,1
pregnant,1
tablón,1
successfully,1
especie,1
patient,1
fulfilled,1
created,1
danum,1
con,1
pasar,1
resolved,1
glared,1
latch,1
hissed,1
growled,1
discharging,1
hora,1
kiddos,1
streaked,1
kiddo,1
eyed,1
widow,1
unmagging,1
willy,1
cuanto,1
knilly,1
desperté,1
backseat,1
jolt,1
farmer,1
crossing,1
dressing,1
smeared,1
flint,1
wheel,1
bic,1
provided,1
strobe,1
perpendicular,1
intersected,1
ninety,1
pentagram,1
chicken,1
traversed,1
forested,1
beige,1
emerged,1
aimlessly,1
opted,1
whipped,1
arranging,1
presumably,1
referred,1
reputation,1
manson,1
slanted,1
shrewsbury,1
equivalent,1
sacrificing,1
pilfered,1
michelob,1
rationalizing,1
shady,1
leafy,1
thud,1
hollow,1
shrill,1
abused,1
motionless,1
catching,1
jabbering,1
concurred,1
manifestándosei,1
algo,1
señal,1
subjective,1
e,1
obscuring,1
significado,1
disused,1
algún,1
route,1
tiene,1
eso,1
reasonable,1
panting,1
hysterically,1
dispose,1
hooting,1
crematorium,1
shed,1
brim,1
gazebo,1
tilted,1
ovalish,1
horizontalish,1
structured,1
chronological,1
ramble,1
adhd,1
unmoving,1
unclear,1
displayed,1
perceptible,1
taller,1
diagnosis,1
baffle,1
laminate,1
ahead,1
certificate,1
retrieve,1
slope,1
birthday,1
getaway,1
survived,1
exploiter,1
prospect,1
yielded,1
modus,1
operandi,1
fit,1
winchester,1
alcatraz,1
diego,1
san,1
airbnb,1
adding,1
tahoe,1
intelligence,1
blown,1
countertop,1
rocket,1
benign,1
decorated,1
agree,1
role,1
celebrate,1
involves,1
merry,1
ignites,1
deliberate,1
calculated,1
contradiction,1
lively,1
grossly,1
whaley,1
denver,1
molly,1
loyalist,1
revealed,1
stole,1
occam,1
razor,1
quieter,1
deeper,1
rustled,1
overlook,1
cautiously,1
existed,1
backpack,1
hike,1
leap,1
supposition,1
accentuated,1
flooring,1
psychological,1
melody,1
icon,1
albeit,1
solved,1
omni,1
purportedly,1
inaccurately,1
strike,1
browse,1
vested,1
rhetorical,1
violin,1
considerably,1
billowing,1
spun,1
twirled,1
activate,1
player,1
dancing,1
strategically,1
suggesting,1
registered,1
counted,1
maple,1
min,1
coyote,1
whining,1
lonely,1
leukemia,1
shutting,1
vanity,1
reservation,1
toothbrush,1
grasped,1
scarier,1
punched,1
favor,1
scenario,1
significantly,1
syrup,1
assload,1
masculine,1
skinwalkers,1
worrying,1
beyond,1
screeching,1
moan,1
wordless,1
impersonate,1
alleyway,1
learned,1
load,1
instinct,1
headlight,1
impersonating,1
examine,1
disappears,1
torturing,1
murderer,1
experienciashi,1
refuse,1
loosely,1
retired,1
retire,1
regarding,1
shredding,1
heirloom,1
silverware,1
reverberated,1
belonging,1
suggest,1
ajar,1
electronics,1
subscribe,1
congregated,1
popping,1
imbibed,1
subset,1
cozy,1
millennium,1
linder,1
regardless,1
disclosed,1
universe,1
amiss,1
nominal,1
occurring,1
coupled,1
hallucination,1
blinking,1
conclusively,1
realization,1
definitive,1
chime,1
pretense,1
evident,1
hastily,1
surface,1
notch,1
lesson,1
contemplate,1
doi,1
ordeal,1
sending,1
freakishly,1
ranging,1
nanometer,1
teach,1
usi,1
render,1
rubbed,1
reappearing,1
answerd,1
occupied,1
therapist,1
beauty,1
flabbergasted,1
combine,1
bacause,1
confuse,1
follows,1
infrared,1
jacksonville,1
consul,1
ufo,1
majority,1
jet,1
dane,1
decreased,1
paint,1
priest,1
intensity,1
trillion,1
increased,1
nighttime,1
vibrant,1
portrait,1
palette,1
nm,1
electromagnetic,1
entertainmentwhen,1
tube,1
barn,1
sought,1
confidence,1
perspective,1
hypothesis,1
familiarity,1
available,1
lucky,1
perform,1
practice,1
afflict,1
intervene,1
attempt,1
resource,1
exhausted,1
ordered,1
doom,1
express,1
similarity,1
oppressed,1
pig,1
norm,1
gardan,1
appalachian,1
obstacle,1
uch,1
closely,1
affliction,1
manage,1
researcher,1
jesus,1
oppressing,1
certification,1
aide,1
counseled,1
extensively,1
strictly,1
protocol,1
lightin,1
cavity,1
cave,1
indulge,1
decapitated,1
extended,1
strengthen,1
conduct,1
gothic,1
conversing,1
definition,1
phase,1
whatsoever,1
battery,1
drainage,1
football,1
beagle,1
malfunction,1
snuggle,1
disclose,1
internally,1
discovering,1
rightfully,1
asporting,1
error,1
memorable,1
ass,1
illuminated,1
analyze,1
headed,1
applies,1
meat,1
levied,1
horrid,1
apporting,1
insignificant,1
disrespectful,1
jess,1
ignores,1
spends,1
required,1
undetected,1
steal,1
patience,1
fix,1
walkthrough,1
desire,1
unabated,1
speaks,1
quicker,1
trickery,1
commitment,1
xfinity,1
dedication,1
regurgitated,1
gliding,1
airplane,1
vale,1
shroud,1
basic,1
utility,1
comcast,1
homeowner,1
lighting,1
poisoning,1
alcohol,1
unreported,1
finalized,1
parapsychologist,1
steve,1
whiskey,1
mera,1
verizon,1
camouflage,1
electrician,1
licking,1
recollection,1
troubleshoot,1
chimney,1
adt,1
jeep,1
barrack,1
nv,1
keyboard,1
haemorrhage,1
harass,1
antarctica,1
motif,1
pretending,1
trekking,1
compliment,1
everest,1
disagreed,1
mt,1
chased,1
climbing,1
gloomy,1
lord,1
abusive,1
effective,1
extreme,1
hero,1
daddest,1
icky,1
gunshot,1
commit,1
agenda,1
linear,1
hug,1
total,1
joshes,1
disgusting,1
slogan,1
row,1
splattered,1
hideous,1
saver,1
insinuated,1
notable,1
dave,1
vulnerable,1
choked,1
confident,1
defending,1
challenged,1
begged,1
hampshire,1
purring,1
glimmer,1
offered,1
understanding,1
neighbouring,1
comforted,1
dipping,1
awe,1
glimpse,1
grief,1
devastating,1
furry,1
treading,1
standby,1
pedophile,1
shirt,1
askwhen,1
theoretically,1
seizure,1
element,1
saved,1
unborn,1
compelling,1
dreamlike,1
hallucinating,1
sceptical,1
pondered,1
misinterpreting,1
atheist,1
disturbing,1
chirping,1
eh,1
chuckled,1
mowing,1
grace,1
diagnosed,1
smoker,1
soup,1
linked,1
pa,1
flick,1
hatch,1
doorframe,1
tablet,1
suspected,1
stung,1
ie,1
shiver,1
pack,1
firstly,1
friday,1
market,1
inlaws,1
receiving,1
buzz,1
specify,1
dragging,1
wallet,1
guatemala,1
intently,1
shrouded,1
constructed,1
retreated,1
nevada,1
grain,1
hostility,1
flicker,1
calculate,1
microwave,1
noone,1
threadwhen,1
plant,1
laters,1
covid,1
identical,1
drastically,1
burning,1
oppression,1
tire,1
equal,1
gravel,1
mistaking,1
pavement,1
stunt,1
welling,1
reminiscing,1
focusing,1
hauntingssomeone,1
discarded,1
clunky,1
potential,1
outburst,1
ego,1
upsetting,1
subtly,1
panicking,1
sept,1
unlocking,1
pervious,1
safer,1
hemorrhage,1
lakefront,1
posing,1
flood,1
hotsauce,1
frantic,1
thorough,1
nursery,1
kettle,1
stove,1
rapidly,1
floodlight,1
proceeds,1
violence,1
mash,1
devoted,1
peacefully,1
mouse,1
danced,1
fishing,1
doppelgänger,1
caressed,1
awakening,1
insulation,1
intending,1
plague,1
slimy,1
slithering,1
sunny,1
torso,1
spinning,1
creepier,1
strain,1
lightening,1
thumping,1
brimmed,1
bethel,1
east,1
claw,1
crusted,1
sunken,1
splotch,1
cooler,1
eerily,1
comfortably,1
nearer,1
marble,1
soothing,1
fucker,1
askreddit,1
distinction,1
faceless,1
hurried,1
dare,1
minnesota,1
butterfly,1
barked,1
drab,1
psychology,1
cheat,1
anyhow,1
treelines,1
upstate,1
york,1
physician,1
license,1
traveled,1
hindsight,1
separating,1
vicinity,1
bordered,1
feminine,1
sillouette,1
tick,1
alayna,1
hysteria,1
tragedy,1
soccer,1
somersault,1
straightening,1
tummy,1
grows,1
dangle,1
trusted,1
ease,1
hunching,1
fend,1
podcasts,1
broad,1
commotion,1
matching,1
plush,1
precious,1
gray,1
oblivious,1
vacated,1
goo,1
grin,1
hunting,1
icy,1
slower,1
rout,1
unwell,1
vascular,1
hospitalised,1
ruff,1
offs,1
annoyance,1
intersection,1
accept,1
crested,1
straightway,1
taillight,1
storiesi,1
paying,1
snowing,1
backroads,1
kowing,1
lounge,1
nastyas,1
miserable,1
genuine,1
drowning,1
recognizable,1
zealand,1
lose,1
armchair,1
servant,1
policeman,1
cmon,1
swinging,1
estate,1
pathway,1
icehouse,1
outbuilding,1
skid,1
delight,1
unpleasant,1
wipe,1
demand,1
curled,1
timeline,1
stepkids,1
tricycle,1
happiest,1
creepily,1
slurped,1
joe,1
scampered,1
clawed,1
tip,1
staten,1
fucked,1
conference,1
arched,1
frilly,1
lotr,1
lastly,1
library,1
inconclusion,1
frequented,1
edits,1
repeat,1
naming,1
predictable,1
dreaded,1
traveling,1
ultimately,1
cramped,1
sil,1
stepsister,1
fuss,1
cackling,1
nail,1
gollum,1
clairvoyance,1
heya,1
repost,1
reopened,1
united,1
globe,1
granary,1
oyer,1
judicial,1
salem,1
witchcraft,1
accused,1
interred,1
disclosure,1
tombstone,1
winthrop,1
dimmed,1
anomaly,1
clubhouse,1
fraternal,1
club,1
intellectual,1
transcendentalist,1
thai,1
lorry,1
poet,1
smashed,1
collapsed,1
avalanching,1
injured,1
cleanup,1
loading,1
pssst,1
hallucinated,1
twin,1
secretary,1
nightclub,1
operated,1
regency,1
pier,1
southampton,1
cement,1
misty,1
chef,1
pan,1
egg,1
fireside,1
future,1
edinburgh,1
rite,1
knight,1
century,1
jfk,1
deliver,1
speech,1
host,1
bachelor,1
candidacy,1
rep,1
wwii,1
assassinated,1
malcolm,1
joining,1
elijah,1
muhammad,1
nation,1
islam,1
ho,1
chi,1
freemasonry,1
scottish,1
diplomat,1
preceding,1
emerson,1
longfellow,1
lowell,1
intersects,1
assassination,1
presidential,1
wilkes,1
edwin,1
freemason,1
actor,1
assassinating,1
lincoln,1
aim,1
gallery,1
cotton,1
whig,1
funded,1
secessionist,1
filibustering,1
visibility,1
postulated,1
neatly,1
adhan,1
prepare,1
advance,1
smelling,1
leak,1
marked,1
functioning,1
gathering,1
asleepi,1
painting,1
chute,1
awoken,1
pistol,1
swept,1
cracking,1
haze,1
stairway,1
tupperware,1
weirdly,1
crouching,1
islamic,1
elevator,1
factory,1
inspecting,1
naive,1
interact,1
forbidding,1
successful,1
bowl,1
phobia,1
flu,1
caved,1
suffocating,1
debilitating,1
visuals,1
target,1
language,1
narration,1
poetic,1
occult,1
refer,1
hade,1
afar,1
bin,1
happenedhttps,1
horrorstory,1
lostinthewoods,1
southerner,1
tracing,1
ting,1
cementery,1
essential,1
map,1
yellow,1
purple,1
complex,1
thrilling,1
sidewalk,1
scrolled,1
adrenaline,1
proud,1
wished,1
apologized,1
dialing,1
disconnected,1
trendy,1
ummmmmmm,1
inhabitant,1
builder,1
fl,1
ssganimation,1
animationwhat,1
youve,1
uploading,1
region,1
denham,1
inn,1
monticello,1
queen,1
uhhhh,1
daybed,1
comforter,1
covering,1
baggy,1
underwear,1
hesitant,1
mutter,1
mama,1
minh,1
baker,1
leader,1
abandoning,1
reiterated,1
beforehand,1
planned,1
psychosis,1
mausoleum,1
convenient,1
digger,1
frail,1
assistance,1
behaved,1
peaking,1
ovarian,1
hospice,1
cooing,1
responding,1
belly,1
bawling,1
riled,1
banter,1
mission,1
haircut,1
horizontally,1
tempting,1
ramming,1
spilled,1
shouting,1
mustered,1
restricted,1
angering,1
reminder,1
craziest,1
launched,1
invite,1
featuring,1
intriguing,1
seeking,1
zoom,1
script,1
scurry,1
mundane,1
imo,1
superbly,1
outdoors,1
fiction,1
survivor,1
patched,1
growling,1
terrifed,1
hyperventilating,1
thr,1
expeirienced,1
collapse,1
eachother,1
pjs,1
deathgripping,1
headboard,1
hygine,1
experienceed,1
showering,1
rumour,1
potent,1
creeeeeek,1
pinning,1
tinitis,1
vise,1
stock,1
snarl,1
wash,1
heated,1
drug,1
therapy,1
delusion,1
mba,1
cook,1
bake,1
lastnight,1
boiler,1
untill,1
devon,1
farmhouse,1
catered,1
reign,1
undressed,1
lid,1
figuring,1
oak,1
circling,1
overlapped,1
vietnam,1
heartbreaking,1
monitoring,1
overheated,1
shorted,1
brand,1
failure,1
environmental,1
distribution,1
controlled,1
malfunctioning,1
rebooted,1
blink,1
resuming,1
correctly,1
contemplating,1
resumed,1
tf,1
rm,1
sureso,1
automated,1
overdue,1
horizontal,1
identifying,1
parapower,1
mapping,1
spotify,1
smart,1
fifteen,1
liar,1
casting,1
vaguely,1
aggressively,1
scrambled,1
gaze,1
legitimately,1
firm,1
recalled,1
consistent,1
inhuman,1
tiktok,1
utensil,1
vague,1
frick,1
boom,1
spoiled,1
midnightghoststoriespodcast,1
horrorstoriesanimated,1
truehorror,1
truestory,1
movietheatreis,1
robert,1
legitimate,1
tourist,1
attraction,1
brandon,1
strategic,1
hatched,1
acted,1
blinded,1
adjust,1
painted,1
lone,1
mumbled,1
adjusted,1
overlapping,1
theatre,1
inherently,1
reptilian,1
summon,1
acreage,1
consort,1
alberta,1
canada,1
welcoming,1
drag,1
challenge,1
impressionable,1
preformed,1
nonhuman,1
someabout,1
poking,1
include,1
thismy,1
heaven,1
floatingnot,1
delirious,1
alexa,1
mirrori,1
washed,1
vacuumed,1
warwick,1
edgehill,1
hamlet,1
parish,1
upton,1
sea,1
radway,1
metre,1
border,1
oxfordshire,1
fanatic,1
giorgio,1
tsoukalos,1
blame,1
battlefield,1
drunk,1
ceremonial,1
slippery,1
average,1
nervously,1
wikipedia,1
emigrated,1
redditors,1
lolabout,1
animatedstories,1
ssganimations,1
ssg,1
mechanical,1
downright,1
creepiness,1
believing,1
burrillville,1
ri,1
april,1
team,1
webster,1
lizzie,1
borden,1
expensive,1
meltdown,1
tylenol,1
yup,1
spirt,1
lad,1
slopped,1
hurling,1
abuse,1
sprinting,1
banged,1
yelp,1
rationalize,1
junior,1
hunker,1
mcc,1
halo,1
legendary,1
jackal,1
sniper,1
parallel,1
squeak,1
allllll,1
weapon,1
breached,1
fuggin,1
siege,1
stacked,1
horribly,1
measure,1
reprogram,1
braver,1
taunting,1
arse,1
kicking,1
nut,1
slipping,1
shitting,1
slipped,1
comical,1
bench,1
physically,1
ministry,1
defense,1
kineton,1
lt,1
scramble,1
relatively,1
neighing,1
inhabited,1
offer,1
alternative,1
stale,1
dyslexic,1
rationalise,1
whats,1
smooth,1
darkest,1
clicked,1
lifting,1
disappointment,1
disappointed,1
seemly,1
lucid,1
alway,1
stairing,1
altho,1
decline,1
realistically,1
waching,1
expirianceing,1
googled,1
freind,1
grammer,1
manifestation,1
tossed,1
travelling,1
user,1
contributed,1
link,1
contest,1
voting,1
whichever,1
upvotes,1
winner,1
receive,1
award,1
premium,1
yorkshire,1
bold,1
contrasted,1
fabric,1
posed,1
farmland,1
recognized,1
premonition,1
unlike,1
special,1
aggressive,1
transition,1
boon,1
disguise,1
grateful,1
literature,1
irrespective,1
solving,1
fav,1
pondering,1
sum,1
distraction,1
deathly,1
heartbeat,1
beating,1
shockingly,1
nuclear,1
mumbai,1
profusely,1
resorted,1
snuggling,1
curse,1
prof,1
grader,1
compleat,1
council,1
rip,1
interacted,1
attick,1
rationalising,1
fount,1
nah,1
shattered,1
frount,1
tenth,1
infrount,1
quilt,1
depressing,1
snapping,1
fought,1
seep,1
actully,1
unitl,1
ckin,1
feasible,1
napped,1
valentine,1
ominous,1
occurances,1
snort,1
nostril,1
bucket,1
lurker,1
bug,1
detects,1
misheard,1
incense,1
flame,1
tiniest,1
whimper,1
eyeglass,1
cleaner,1
rag,1
knowi,1
documentary,1
singe,1
shin,1
doalright,1
charger,1
cob,1
exhaustion,1
trigger,1
sleeper,1
nonsensical,1
perfect,1
christianity,1
conduit,1
attended,1
thankful,1
tless,1
squeezing,1
awaken,1
bureau,1
relieved,1
inconsistent,1
trolling,1
hr,1
ranch,1
nearest,1
dissociative,1
puke,1
recommended,1
deja,1
muscle,1
ligament,1
rib,1
bruised,1
spleen,1
ptsd,1
frustrated,1
coloring,1
atleast,1
replaced,1
comming,1
replace,1
swap,1
bothered,1
deathbed,1
shag,1
swung,1
bedridden,1
chore,1
railroad,1
amazement,1
attempted,1
debating,1
vu,1
uni,1
digress,1
liminal,1
leftmost,1
filter,1
acknowledging,1
tremendous,1
railing,1
imitate,1
dorm,1
morbid,1
researched,1
lo,1
behold,1
punished,1
pasted,1
goofball,1
sleepwalked,1
ipad,1
rusty,1
operate,1
responsibility,1
vary,1
transferring,1
designated,1
coach,1
derived,1
reconsider,1
submitted,1
approval,1
breakup,1
cooky,1
sniffle,1
settle,1
bruising,1
conceal,1
necessary,1
misidentify,1
arrives,1
etched,1
applied,1
longed,1
exasperated,1
avoids,1
disproved,1
rattling,1
dryer,1
tract,1
construct,1
sale,1
designed,1
accessible,1
unfinished,1
paneling,1
intended,1
revealing,1
concrete,1
workbench,1
cozied,1
hiss,1
glow,1
reconnected,1
avoided,1
medallion,1
wire,1
armed,1
prepping,1
tune,1
subsequently,1
remodeled,1
adorned,1
soldier,1
overseas,1
gruesome,1
changing,1
excitable,1
handing,1
containing,1
cardinal,1
puzzled,1
historical,1
significance,1
focus,1
khaki,1
profile,1
leaped,1
caregiver,1
pandemic,1
toying,1
platform,1
documentation,1
aligned,1
ensuring,1
cremate,1
hindered,1
cremated,1
casket,1
cooled,1
ensure,1
overlap,1
processing,1
gingerly,1
sifted,1
chamber,1
management,1
disservice,1
cell,1
sharply,1
tiems,1
scotland,1
splashing,1
wierd,1
renumber,1
stroking,1
slaight,1
nsfw,1
august,1
intenser,1
depends,1
meight,1
maight,1
pragnent,1
sowerby,1
luff,1
deluxe,1
pleaseeeeeeeee,1
toookay,1
bark,1
videogames,1
meter,1
enters,1
sa,1
liku,1
bloodline,1
unprompted,1
stubby,1
ambience,1
assured,1
harmful,1
trade,1
technician,1
faulty,1
electricity,1
pre,1
grayish,1
coudent,1
ranned,1
wasent,1
lmk,1
pseudonym,1
anonymity,1
breast,1
closure,1
verbatim,1
havent,1
srry,1
larger,1
flashing,1
caring,1
misery,1
ashamed,1
weaker,1
admitting,1
plz,1
sweatpants,1
outsidein,1
culdesac,1
zach,1
ebay,1
cordial,1
jealous,1
progressively,1
poodle,1
bless,1
refund,1
lied,1
meetup,1
informed,1
overlooked,1
legit,1
workstation,1
goodness,1
messenger,1
employment,1
proving,1
lola,1
station,1
remainder,1
harmless,1
toxic,1
sexist,1
peeling,1
potato,1
pantry,1
badly,1
mow,1
pigtail,1
nightcap,1
millisecond,1
iris,1
cafeteria,1
shuffled,1
crowded,1
chaos,1
gaming,1
highlight,1
ripe,1
featured,1
gladly,1
interviewing,1
narrator,1
narrated,1
shoot,1
aboard,1
organization,1
icebreaking,1
annoynced,1
paired,1
witha,1
iwasn,1
roomate,1
acitivities,1
bizzare,1
beseiged,1
ahh,1
assistant,1
stalking,1
layed,1
doorstep,1
aray,1
moast,1
grandmom,1
daniel,1
allways,1
unsetled,1
rough,1
moisturizing,1
pajama,1
max,1
btw,1
unsettling,1
valley,1
satchel,1
pastor,1
pleasantly,1
automatically,1
thesedays,1
luggage,1
surveyed,1
flinched,1
nanna,1
shitty,1
granddaughter,1
promise,1
wherever,1
stroked,1
emotionally,1
handedly,1
bizarre,1
cathartic,1
ducked,1
cryptid,1
duper,1
government,1
heyyoo,1
bff,1
oil,1
halting,1
production,1
blurted,1
decomposition,1
viewed,1
combing,1
bestfriend,1
groupf,1
jigsaw,1
cameback,1
ino,1
doesnt,1
clueless,1
lobby,1
bacony,1
immense,1
shaked,1
frantically,1
vice,1
ripping,1
mill,1
tiled,1
shattering,1
tumultuous,1
square,1
trojan,1
wiccan,1
celebration,1
folklorist,1
fighting,1
yell,1
upvote,1
shaky,1
sincerest,1
apology,1
prevalent,1
coke,1
rooted,1
finer,1
mixed,1
retelling,1
terrific,1
sounding,1
whirled,1
replaying,1
mishandling,1
clumsy,1
leaned,1
plate,1
climate,1
charge,1
noisy,1
unnerved,1
toneless,1
paralyzed,1
count,1
tierd,1
runaway,1
hangup,1
survive,1
torn,1
barricade,1
river,1
technically,1
bankless,1
serving,1
private,1
arguably,1
prom,1
ruined,1
slave,1
abnormally,1
altered,1
origin,1
bust,1
blow,1
cookout,1
lightly,1
shatter,1
reassurance,1
sinning,1
protects,1
portal,1
michigan,1
adopted,1
quarantine,1
virtual,1
curser,1
unbiased,1
suggestion,1
discussion,1
utmost,1
complaining,1
produce,1
fashion,1
engaging,1
conditioned,1
storythese,1
compilation,1
indiana,1
circus,1
tiger,1
snarled,1
decoration,1
hood,1
pea,1
sentence,1
pod,1
pictured,1
temperature,1
conjoined,1
ding,1
dong,1
ditching,1
persistent,1
solitaire,1
rapping,1
evps,1
jane,1
misplace,1
coated,1
oozed,1
twhen,1
relation,1
locally,1
tragically,1
quizzically,1
hippy,1
practically,1
restriction,1
indentation,1
welp,1
unbothered,1
playdates,1
babysat,1
sunlight,1
household,1
pee,1
exception,1
sensed,1
stomp,1
sharethis,1
slap,1
resort,1
talismant,1
shaolin,1
monk,1
desperately,1
beginner,1
footage,1
screwdriver,1
sl,1
blurt,1
pretend,1
drain,1
stating,1
albert,1
term,1
elder,1
nd,1
mu,1
rattled,1
california,1
welcomed,1
bubble,1
diagonally,1
clinging,1
distorted,1
curvature,1
humanoid,1
hovered,1
racing,1
descended,1
leaning,1
ambient,1
hopped,1
bares,1
hallmark,1
epic,1
retellings,1
dispute,1
tremendously,1
shuts,1
heaviest,1
positioned,1
foam,1
ghosti,1
kansa,1
playmate,1
poll,1
amd,1
netflix,1
enjoying,1
daugther,1
opossum,1
camping,1
perfective,1
bullsh,1
hovering,1
tryn,1
debunk,1
tiktoks,1
ruining,1
judge,1
editing,1
undeniably,1
coridors,1
latley,1
empath,1
satan,1
seance,1
protective,1
performed,1
decision,1
intend,1
jingling,1
vein,1
beg,1
ofc,1
respectful,1
acknowledged,1
sexual,1
folklore,1
littered,1
conviction,1
folk,1
lore,1
ireland,1
watchful,1
worshiper,1
dated,1
portuguese,1
unsavory,1
flooded,1
dirty,1
slum,1
belt,1
curly,1
strict,1
secondly,1
virgin,1
muslim,1
upbringing,1
goose,1
demonso,1
bigger,1
glanced,1
unarmed,1
huddled,1
console,1
perception,1
meanttioned,1
hound,1
kelpie,1
seduce,1
darting,1
university,1
modern,1
evaporate,1
modernising,1
downsized,1
barren,1
roar,1
citylife,1
inaudible,1
july,1
languid,1
wildlife,1
roamed,1
bat,1
laiden,1
sprawling,1
plantlife,1
northern,1
lasting,1
spouted,1
cynical,1
omen,1
lilting,1
lough,1
galloping,1
murky,1
collect,1
scowl,1
session,1
cherish,1
simpler,1
endless,1
weeps,1
implanted,1
legend,1
tends,1
hunched,1
ailing,1
washer,1
unearthly,1
wail,1
sneaking,1
french,1
swallowed,1
talkin,1
outright,1
confirming,1
denying,1
apple,1
peanut,1
butter,1
redirect,1
lap,1
teasing,1
mimicking,1
exchanging,1
snugglin,1
complicated,1
blended,1
altogether,1
overstimulated,1
inconsolable,1
flipping,1
extract,1
visibly,1
whaaaat,1
colonized,1
asl,1
tenement,1
destroyed,1
blitz,1
rationalised,1
penny,1
phoned,1
hotline,1
unknown,1
babysit,1
extraordinary,1
imaginative,1
social,1
transfixed,1
excitedly,1
cuddling,1
firmly,1
interrupting,1
perceiving,1
tutoring,1
explosive,1
tantrum,1
redirecting,1
decrepit,1
cardboard,1
bay,1
minuted,1
chain,1
workin,1
admitted,1
hilarious,1
secret,1
reassured,1
ided,1
burial,1
gravedigger,1
coffin,1
dug,1
visitor,1
cotonou,1
benin,1
situated,1
africa,1
stiff,1
numb,1
chilly,1
forceful,1
trauma,1
clever,1
soooo,1
flashy,1
backbreaking,1
dock,1
obstructing,1
stacking,1
ta,1
rush,1
laughter,1
shard,1
exploding,1
coworkers,1
restock,1
beneath,1
enormous,1
securing,1
approaching,1
biting,1
th,1
morningmy,1
drank,1
tent,1
remembering,1
gypsy,1
superstitious,1
daw,1
uije,1
bitch,1
iv,1
insult,1
ghostwhen,1
baystate,1
springfield,1
continues,1
protesting,1
needing,1
playroom,1
squiggly,1
scrambling,1
village,1
wuss,1
debunked,1
co,1
exceptionally,1
blocking,1
noting,1
gift,1
ponder,1
vacuuming,1
squinted,1
vacuum,1
decor,1
rod,1
ladder,1
unravel,1
warehouse,1
australia,1
expiernce,1
reflectives,1
beeped,1
sped,1
ym,1
simpson,1
itchy,1
scratchy,1
sickly,1
hesitantly,1
odor,1
stained,1
dashed,1
bloody,1
unceremoniously,1
tangy,1
putrefying,1
braid,1
noose,1
insomniac,1
deepest,1
formed,1
warmth,1
drought,1
flooding,1
ill,1
bpd,1
humming,1
japanese,1
international,1
stray,1
growth,1
hardest,1
uneasiness,1
booboo,1
gesturing,1
chatted,1
medicine,1
drill,1
lined,1
uninterrupted,1
preteen,1
shave,1
treat,1
processed,1
emanated,1
infection,1
dried,1
okinawa,1
japan,1
audio,1
essentially,1
sobbing,1
consequence,1
pounded,1
darted,1
registering,1
policeforce,1
meantime,1
lept,1
directed,1
straightforward,1
bemused,1
earshot,1
standard,1
scanned,1
arrived,1
eyebrow,1
relaying,1
interpret,1
neutral,1
notepad,1
thoughtful,1
screech,1
drama,1
factor,1
adverse,1
cynicism,1
capable,1
producing,1
apply,1
afterall,1
purely,1
explaination,1
spite,1
undisputedly,1
unnatural,1
jog,1
periphery,1
suffocated,1
therefore,1
silvery,1
twisting,1
encroaching,1
contorted,1
emerging,1
discomfort,1
alarming,1
passerby,1
officially,1
dumbstruck,1
hoped,1
grimace,1
shuddering,1
wistfully,1
transported,1
ehind,1
nostalgia,1
iinhave,1
stargazing,1
borded,1
wooded,1
wrap,1
wireless,1
distract,1
connection,1
whip,1
schoolwork,1
insanely,1
granny,1
widen,1
intake,1
biannually,1
interjected,1
impenetrable,1
beam,1
moonless,1
bridget,1
reply,1
predicted,1
usa,1
assisting,1
sighed,1
arrangement,1
booking,1
flight,1
protest,1
tiptoeing,1
garden,1
voiced,1
gazed,1
convo,1
