words_in_post_title,frequency
ghost,555
paranormal,316
experience,233
something,233
house,218
haunted,203
think,190
saw,170
anyone,166
spirit,151
know,144
like,141
see,128
story,124
thing,122
one,118
shadow,117
figure,115
night,110
old,108
friend,106
year,103
weird,102
time,100
encounter,100
help,97
happened,93
home,92
someone,91
dream,86
heard,86
strange,85
video,84
man,81
photo,81
caught,78
voice,77
seen,76
last,74
first,71
else,71
people,70
going,67
ever,66
camera,66
real,63
doe,63
light,63
sleep,62
room,61
took,61
believe,61
sure,60
need,59
please,59
keep,58
new,58
entity,58
family,57
cat,57
mom,55
dog,55
thought,54
picture,53
dead,53
explain,52
demon,52
black,51
seeing,51
activity,51
feel,50
back,48
door,48
question,47
day,47
life,44
sound,44
work,44
face,43
share,42
child,42
want,42
place,41
used,41
tell,40
little,40
experienced,40
childhood,40
ago,39
hear,39
woke,39
went,38
paralysis,38
happening,38
hotel,37
window,37
person,37
guy,37
right,36
looking,36
creepy,36
apartment,35
really,35
came,35
made,35
white,35
woman,34
visit,34
orb,34
never,33
look,33
post,33
anything,33
board,32
daughter,32
part,32
following,32
ouija,32
noise,32
possible,31
two,31
sister,30
eye,30
explanation,30
apparition,29
pic,29
idea,29
might,29
creature,29
felt,28
watching,28
outside,27
captured,27
sighting,27
stuff,27
advice,27
mother,27
haunting,27
trying,27
bed,27
true,26
found,26
feeling,26
behind,26
dad,25
many,25
died,25
way,25
started,25
hand,25
passed,25
make,25
taken,25
find,25
death,25
say,24
demonic,24
middle,24
wood,24
girl,23
mirror,23
scared,23
mean,23
knock,23
since,23
told,23
near,23
scary,23
go,23
hearing,23
second,23
another,23
body,23
school,22
dark,22
living,22
away,22
image,22
best,22
ring,22
presence,22
live,22
kid,22
moving,22
getting,22
watch,22
next,22
doll,21
box,21
show,21
appears,21
almost,21
grandma,21
phone,20
hospital,20
alone,20
deceased,20
may,20
energy,20
walking,20
different,20
today,20
possibly,19
cemetery,19
red,19
remember,19
every,19
week,19
unexplained,19
crazy,19
grandmother,19
read,19
son,18
name,18
attached,18
inside,18
come,18
ca,18
month,18
long,18
event,18
lady,18
parent,18
visited,18
evidence,18
boy,18
alien,18
met,18
left,18
open,18
hat,17
front,17
across,17
good,17
call,17
memory,17
father,17
lived,17
knocking,17
recording,17
music,17
grandfather,17
top,16
area,16
abandoned,16
poltergeist,16
sent,16
past,16
supernatural,16
anybody,16
tattoo,16
sign,16
give,16
nightmare,16
evp,16
maybe,16
take,15
grandpa,15
sleeping,15
moved,15
ghostly,15
brother,15
coming,15
followed,15
always,15
angel,15
making,15
water,15
baby,15
leave,15
happen,15
nothing,15
kitchen,14
recent,14
mind,14
bad,14
location,14
pretty,14
state,14
youtube,14
talking,14
app,14
appearing,14
morning,14
tv,14
playing,14
bedroom,14
talk,14
gone,14
skeptic,14
put,14
bathroom,14
answer,14
channel,14
young,14
idk,14
tried,14
occurrence,14
appeared,14
let,14
evil,13
wanted,13
medium,13
spooky,13
footage,13
well,13
seem,13
turn,13
later,13
full,13
tour,13
side,13
scratch,13
called,13
world,13
move,13
car,13
looked,13
aunt,13
turned,13
possessed,13
great,12
end,12
head,12
security,12
foot,12
spiritual,12
animal,12
small,12
ask,12
staring,12
devil,12
late,12
flash,12
others,12
check,12
phenomenon,12
park,12
girlfriend,12
reddit,12
watched,12
opinion,12
investigation,12
actually,12
owner,11
hour,11
horror,11
unexplainable,11
im,11
bought,11
hell,11
road,11
personal,11
theory,11
saying,11
believer,11
skinwalker,11
recently,11
taking,11
farm,11
saved,11
wrong,11
asked,11
experiencing,11
also,11
coincidence,11
lot,11
mysterious,11
object,11
mist,11
city,11
uncle,11
whole,11
tall,11
message,11
forest,11
standing,11
housemy,10
wife,10
noticed,10
neighbor,10
comment,10
three,10
close,10
love,10
terrifying,10
cam,10
indian,10
boyfriend,10
several,10
sense,10
ex,10
multiple,10
ufo,10
loved,10
witch,10
na,10
moment,10
kind,10
previous,10
la,10
missing,10
town,10
random,10
visiting,10
mei,9
reflection,9
mountain,9
astral,9
flying,9
odd,9
curious,9
member,9
couple,9
prison,9
movie,9
footstep,9
breathing,9
bird,9
sub,9
pt,9
anomaly,9
bug,9
ability,9
portal,9
much,9
cctv,9
everyone,9
waking,9
psychic,9
mental,9
using,9
step,9
seeking,9
probably,9
similar,9
floating,9
corner,9
without,9
hunting,9
god,9
fall,9
debunk,9
de,9
human,9
building,9
lost,8
series,8
try,8
working,8
calling,8
college,8
cold,8
universe,8
cousin,8
sort,8
negative,8
glass,8
exist,8
incident,8
dust,8
terror,8
asleep,8
opened,8
touched,8
cause,8
unknown,8
needed,8
mystery,8
start,8
wall,8
mum,8
pas,8
halloween,8
husband,8
hope,8
finding,8
chair,8
serious,8
creepiest,8
jail,8
short,8
encountered,8
paranoid,8
enter,8
glitch,8
terrified,8
recorded,8
space,8
disappeared,8
convinced,8
rid,8
experiencei,8
early,8
midnight,8
haunt,8
bright,8
national,8
que,8
stop,8
scariest,8
trail,7
attachment,7
print,7
mimic,7
reason,7
passing,7
notice,7
attacked,7
county,7
guest,7
scare,7
falling,7
bell,7
item,7
smoke,7
air,7
background,7
news,7
closet,7
asylum,7
savannah,7
equipment,7
san,7
broken,7
walk,7
partner,7
glowing,7
sharing,7
tale,7
super,7
screen,7
nobody,7
church,7
vision,7
reaper,7
humanoid,7
dealing,7
doorbell,7
loud,7
memy,7
interesting,7
set,7
history,7
street,7
barking,7
eyed,7
freaked,7
imagination,7
potential,7
contact,7
stair,7
hard,7
mine,7
fire,7
jinni,7
asking,7
american,7
circle,7
posted,7
shape,7
minute,7
country,7
motion,7
capture,7
mimicking,7
tapping,7
account,7
ball,7
hate,6
dont,6
uk,6
wondering,6
store,6
randomly,6
recommendation,6
stay,6
ive,6
edinburgh,6
visitor,6
disappear,6
grew,6
caused,6
un,6
kept,6
driving,6
podcast,6
yellow,6
normal,6
acting,6
somebody,6
investigate,6
urban,6
stayed,6
seems,6
investigator,6
often,6
game,6
younger,6
running,6
thrown,6
turning,6
hair,6
able,6
el,6
leg,6
valley,6
native,6
big,6
yesterday,6
specific,6
enjoy,6
legit,6
tip,6
soon,6
decided,6
case,6
wake,6
book,6
showing,6
shelf,6
cursed,6
shared,6
bizarre,6
soldier,6
hill,6
type,6
coast,6
update,6
communicate,6
positive,6
touch,6
whispering,6
attic,6
hauntings,6
thinking,6
happens,6
clear,6
belief,6
showed,6
rock,6
spot,6
played,6
tormented,6
basement,6
smell,6
fell,6
trip,6
gf,6
use,6
wtf,6
hallway,6
truly,6
subreddit,6
clock,6
summer,6
fake,6
high,6
v,6
housei,6
kinda,6
mi,6
whisper,6
edge,6
logical,6
funny,6
believing,5
triggered,5
follows,5
giant,5
grabbed,5
cry,5
attack,5
large,5
meaning,5
yt,5
finally,5
built,5
online,5
mark,5
understand,5
difference,5
supposed,5
tree,5
switch,5
speaking,5
certain,5
completely,5
helping,5
whistling,5
knew,5
fast,5
stuck,5
audio,5
arm,5
radio,5
tunnel,5
http,5
wind,5
gon,5
deep,5
shit,5
sometimes,5
georgia,5
separate,5
reading,5
related,5
eerie,5
helped,5
robert,5
familiar,5
mansion,5
wan,5
apartmenti,5
deal,5
form,5
exactly,5
scratching,5
az,5
tube,5
matrix,5
sl,5
pulled,5
dying,5
wedding,5
key,5
group,5
blue,5
floor,5
le,5
identify,5
fb,5
experiencethe,5
hunter,5
encounteri,5
wish,5
shoulder,5
premonition,5
creeped,5
wanting,5
touching,5
empty,5
appear,5
proof,5
gettysburg,5
fly,5
specifically,5
access,5
housea,5
burial,5
bar,5
ear,5
banging,5
highway,5
suddenly,5
documentary,5
spotted,5
leaving,5
confused,5
flat,5
scream,5
apps,5
known,5
garden,5
guardian,5
tonight,5
actual,5
niece,5
film,5
play,5
grim,4
homei,4
hiking,4
yard,4
general,4
southern,4
content,4
cross,4
sorry,4
patient,4
safe,4
clean,4
pls,4
fully,4
fight,4
edited,4
change,4
fort,4
stand,4
earth,4
experiment,4
already,4
mallet,4
single,4
reality,4
capturing,4
site,4
created,4
toy,4
stalked,4
exploring,4
sitting,4
augustine,4
ghostmy,4
walked,4
flickering,4
strangest,4
center,4
crescent,4
vibe,4
worker,4
eureka,4
episode,4
catch,4
spider,4
word,4
snap,4
unseen,4
usually,4
exposure,4
parallel,4
led,4
bang,4
ok,4
info,4
done,4
beyond,4
nightmy,4
roommate,4
telling,4
germany,4
identifying,4
awake,4
shaped,4
view,4
claim,4
entire,4
bite,4
swear,4
believed,4
suicide,4
literally,4
nighti,4
male,4
childhoodi,4
famous,4
genuinely,4
considered,4
con,4
unforgettable,4
gave,4
land,4
research,4
plantation,4
rural,4
huge,4
closed,4
reach,4
legend,4
questioning,4
third,4
dangerous,4
buy,4
housethe,4
brown,4
pet,4
experienceis,4
pushed,4
seemed,4
upstairs,4
everything,4
dimension,4
unsure,4
bagans,4
zak,4
break,4
nowhere,4
paranormali,4
texas,4
staying,4
lol,4
strong,4
flame,4
messing,4
alonei,4
heart,4
wierd,4
skeptical,4
schizophrenia,4
possession,4
hi,4
language,4
number,4
lake,4
dm,4
goodbye,4
omen,4
checked,4
hunt,4
shot,4
war,4
storage,4
yet,4
tap,4
beginning,4
thru,4
bc,4
eastern,4
forgotten,4
hide,4
science,4
village,4
creeping,4
unearthly,4
totally,4
invisible,4
point,4
ocala,4
murdered,4
stick,4
moan,4
podcasts,4
recorder,4
spooked,4
guess,4
meet,4
mackey,4
opening,4
stanley,4
though,4
accidentally,4
chance,4
schizophrenic,4
bridge,4
guide,4
adventure,4
shake,4
law,4
ceiling,4
conjuring,4
painting,4
record,4
quality,4
chest,4
disappears,4
witness,4
quick,4
mewhat,4
insight,4
context,4
nightparanormal,4
weirdest,4
facebook,4
disturbing,4
local,4
follow,4
changed,4
pretending,4
brought,4
ill,4
buddy,4
false,4
hello,4
stopped,4
ongoing,4
posting,4
cloaked,4
titanic,4
mary,3
particular,3
stabby,3
genuine,3
ghostthe,3
hallucination,3
towards,3
flare,3
flip,3
funeral,3
trailer,3
focus,3
blood,3
cried,3
toddler,3
memorial,3
concerned,3
grade,3
table,3
blink,3
lock,3
quite,3
forming,3
taught,3
roomi,3
cool,3
slept,3
twin,3
ghosta,3
formed,3
greenwood,3
men,3
original,3
whispered,3
shop,3
wearing,3
picked,3
session,3
double,3
frightening,3
ghosti,3
disembodied,3
bf,3
alarm,3
party,3
brightness,3
color,3
imaginary,3
note,3
vega,3
lmk,3
regarding,3
investigating,3
circus,3
crossed,3
steve,3
based,3
battlefield,3
join,3
etc,3
freaking,3
fresh,3
earlier,3
realistic,3
better,3
writing,3
dot,3
sketch,3
interest,3
caption,3
oh,3
compilation,3
free,3
eating,3
mea,3
alot,3
staircase,3
usa,3
facility,3
listen,3
fucking,3
footprint,3
burst,3
california,3
incubus,3
uv,3
upon,3
downstairs,3
accident,3
figurei,3
st,3
increase,3
fun,3
biggest,3
physic,3
becoming,3
bathroommy,3
projection,3
iphone,3
slip,3
fingerprint,3
wooded,3
sounded,3
onto,3
thanks,3
sensing,3
possibility,3
tennessee,3
worried,3
public,3
feed,3
private,3
changing,3
afterlife,3
art,3
curse,3
banshee,3
nana,3
hanging,3
slamming,3
perhaps,3
vacation,3
paid,3
pale,3
methe,3
beautiful,3
complex,3
birthday,3
wolf,3
phantom,3
cemetary,3
dating,3
due,3
razor,3
green,3
rainbow,3
final,3
myrtle,3
invited,3
killed,3
feature,3
provide,3
museum,3
pattern,3
encountersi,3
digital,3
worry,3
holding,3
scientific,3
computer,3
community,3
rented,3
pulling,3
storyi,3
field,3
cycle,3
meparanormal,3
buhl,3
google,3
canada,3
poor,3
send,3
vid,3
knob,3
fear,3
version,3
train,3
broke,3
weekend,3
peaceful,3
trigger,3
warning,3
winchester,3
north,3
denton,3
despite,3
teen,3
king,3
committed,3
tripping,3
dreaming,3
cleanse,3
growing,3
illness,3
truck,3
source,3
resident,3
woken,3
nsfw,3
suggestion,3
translucent,3
ship,3
grave,3
cast,3
hauntedi,3
doppelganger,3
talked,3
favorite,3
australia,3
drew,3
lover,3
dressed,3
hurt,3
nightthe,3
perfect,3
mama,3
orange,3
spoke,3
ghostwhat,3
coma,3
tx,3
residential,3
become,3
military,3
ended,3
nurse,3
movement,3
backyard,3
brief,3
fae,3
ocean,3
west,3
silhouette,3
health,3
locked,3
bound,3
thin,3
facing,3
fan,3
manifest,3
shift,3
century,3
ghostghost,3
longer,3
trick,3
bit,3
growl,3
interacting,3
doorway,3
sky,3
timei,3
algo,3
win,3
plant,3
statue,3
mall,3
camping,3
cave,3
manor,3
nearly,3
clip,3
zoom,3
orleans,3
enough,3
chant,3
didnt,3
disappearing,3
storieswhat,3
happy,3
whether,3
manifestation,3
purple,3
truth,3
vault,3
realise,3
bloody,3
experiencemy,3
shower,3
bothell,3
constantly,3
leaf,3
york,3
rational,3
received,3
worst,3
protect,3
television,3
worth,3
starting,3
spoken,3
doppelgänger,3
whistled,3
prove,3
detail,3
laughing,3
save,3
job,3
secret,3
christmas,3
curtain,3
effect,3
grandparent,3
realm,3
plug,3
somewhere,3
unsolved,3
dress,3
putting,3
power,3
vintage,3
listening,3
ran,3
sea,3
scratched,3
insane,3
stargate,3
experiencewhat,3
bark,3
flower,3
cell,3
underground,3
pointed,3
april,3
remembered,3
weed,3
counter,3
discovered,3
solid,3
ghostshas,3
hears,3
till,3
extremely,3
storm,3
cloud,3
slightly,3
desperate,3
estate,3
snow,3
card,3
pool,3
shut,2
purpose,2
pick,2
craziest,2
conspiracy,2
emily,2
morgan,2
chewing,2
iraq,2
ronald,2
born,2
monster,2
encounteredwhat,2
blow,2
morse,2
bone,2
continue,2
ward,2
code,2
workplace,2
antique,2
dans,2
pointing,2
et,2
respond,2
satan,2
scaring,2
adjusted,2
located,2
slow,2
homean,2
afraid,2
spotting,2
interaction,2
bonus,2
ventura,2
atheist,2
float,2
common,2
darkness,2
approach,2
uncanny,2
somethings,2
nightneed,2
nightwhat,2
zoomed,2
ouiji,2
reaching,2
currently,2
freak,2
holiday,2
maine,2
link,2
minei,2
choked,2
ya,2
traverse,2
tw,2
susceptible,2
chill,2
casually,2
housecan,2
manwhat,2
roof,2
foe,2
paper,2
goat,2
shining,2
gas,2
frequent,2
spell,2
nah,2
homeis,2
east,2
realize,2
darker,2
jersey,2
criatura,2
slide,2
copy,2
overdose,2
reflectioni,2
italy,2
mess,2
forrest,2
damage,2
laid,2
shaking,2
helpmy,2
collection,2
hunted,2
outthe,2
ghosttube,2
recreate,2
cryptid,2
graveyard,2
hopefully,2
tiktok,2
infact,2
storymy,2
claiming,2
breaking,2
row,2
toilet,2
punched,2
result,2
intruder,2
storytime,2
pa,2
bottle,2
murder,2
jesus,2
lightning,2
written,2
older,2
likely,2
decide,2
pissed,2
housesomeone,2
mani,2
brasov,2
tightly,2
friendly,2
va,2
experiencesthe,2
directly,2
definitely,2
romania,2
lit,2
holy,2
infested,2
installed,2
teeth,2
driveway,2
advicecan,2
program,2
whistlingi,2
connection,2
roomstrange,2
jet,2
sculpture,2
section,2
awakening,2
laying,2
pmi,2
shippy,2
dreamt,2
experiencesomething,2
demonology,2
significance,2
hung,2
setting,2
furry,2
brand,2
die,2
office,2
english,2
praying,2
animatronic,2
landry,2
experienceshadow,2
bothered,2
notification,2
victoria,2
trust,2
viewed,2
honey,2
happeningi,2
vacant,2
kuntilanak,2
simple,2
date,2
rushing,2
por,2
tiktoker,2
canine,2
stalker,2
speaker,2
chronicle,2
missionary,2
carolina,2
connecticut,2
somethingthe,2
greatly,2
upset,2
lighting,2
pc,2
trapped,2
deputy,2
loaded,2
tulpa,2
create,2
homea,2
para,2
market,2
anxiety,2
age,2
coin,2
spectral,2
journey,2
agomy,2
reflecting,2
assaulted,2
station,2
bathroomi,2
swearing,2
responder,2
unusual,2
onmy,2
headphone,2
kidi,2
redditors,2
mass,2
necrophonic,2
kidthe,2
non,2
hey,2
overthinking,2
chanting,2
buried,2
wet,2
pink,2
del,2
wasi,2
magic,2
windowthe,2
altered,2
mehelp,2
hauntedmy,2
england,2
sale,2
dayi,2
rabbit,2
associated,2
em,2
impersonating,2
owl,2
uploaded,2
coworker,2
meter,2
gnome,2
peace,2
description,2
pigeon,2
abduction,2
bedside,2
magically,2
industrial,2
issue,2
somehow,2
malicious,2
ground,2
highly,2
crisis,2
bro,2
mad,2
plate,2
bleep,2
encountercan,2
mehow,2
mecreepy,2
sat,2
ritual,2
closing,2
seance,2
shirt,2
kill,2
rn,2
figuring,2
draining,2
interpret,2
impossible,2
explaini,2
dyslexic,2
interdimensional,2
relates,2
sit,2
creep,2
wonder,2
title,2
honest,2
outline,2
throwing,2
bow,2
perfume,2
laugh,2
microwave,2
bobby,2
losing,2
grand,2
trap,2
firm,2
rain,2
oc,2
thingsstrange,2
instead,2
judge,2
stubborn,2
surprising,2
superstition,2
sceptic,2
south,2
dreami,2
shade,2
gonsalves,2
jeff,2
team,2
horrific,2
knox,2
inn,2
piano,2
soulless,2
mommy,2
pm,2
brownsville,2
buzz,2
construction,2
january,2
leer,2
figurecan,2
videocan,2
mini,2
manual,2
encounterswhat,2
sallie,2
icu,2
expected,2
aroundi,2
apartmenta,2
usual,2
smart,2
agothe,2
househas,2
everyday,2
coupledoes,2
six,2
teenager,2
warrior,2
freaky,2
report,2
pay,2
noticing,2
lasted,2
stomach,2
among,2
handprints,2
encountering,2
apparitionwhat,2
disappearance,2
en,2
flute,2
claimed,2
discord,2
rem,2
sized,2
interested,2
tombstone,2
afternoon,2
squatch,2
deathmy,2
shocking,2
selfie,2
manifested,2
minor,2
visitmy,2
scarymy,2
future,2
predict,2
reaction,2
named,2
attract,2
submission,2
experiencea,2
pod,2
mehave,2
alive,2
barely,2
interact,2
cottage,2
victim,2
crash,2
receiving,2
fuck,2
evps,2
experienceit,2
cleaned,2
nazi,2
george,2
housedo,2
beer,2
stool,2
lamp,2
yanked,2
virginia,2
twice,2
worked,2
mepossible,2
posssessed,2
gotten,2
iop,2
thread,2
michigan,2
experiencesleep,2
upstrange,2
emotional,2
express,2
vivid,2
seriously,2
detox,2
nanny,2
within,2
bek,2
e,2
bet,2
faced,2
happend,2
shoe,2
artifact,2
forget,2
experiencewhy,2
doorwhy,2
peaker,2
apparent,2
sensed,2
encounterdoes,2
control,2
derbyshire,2
february,2
bos,2
soul,2
buying,2
simultaneous,2
cheese,2
trench,2
detected,2
sensitive,2
dear,2
prone,2
expert,2
buzzfeed,2
transparent,2
bodmin,2
outmy,2
reappear,2
indoor,2
hall,2
domy,2
louder,2
japanese,2
wear,2
surveillance,2
panasonic,2
split,2
pro,2
olympus,2
homewhat,2
mexico,2
strangled,2
benning,2
belonged,2
ranch,2
mile,2
suspect,2
bother,2
encounterhas,2
goblin,2
straight,2
detector,2
spiritsi,2
cryptids,2
dining,2
appparanormal,2
sudden,2
fog,2
list,2
winner,2
chilling,2
espeluznante,2
nightcan,2
lifei,2
static,2
communicating,2
friday,2
figuremy,2
grabbing,2
shortly,2
text,2
meshadow,2
dude,2
mandela,2
five,2
maskssomething,2
helpful,2
lure,2
peoplewhat,2
catching,2
staff,2
especially,2
bruise,2
ai,2
drug,2
castle,2
collar,2
drop,2
joliet,2
oklahoma,2
ghostie,2
attach,2
stratford,2
sorrel,2
stare,2
screamed,2
hospice,2
visitation,2
hit,2
fairy,2
lighthouse,2
forestmy,2
angry,2
moaning,2
metell,2
dallas,2
storyold,2
fresno,2
oregon,2
medid,2
horrori,2
siting,2
storythe,2
client,2
add,2
sh,2
reviewing,2
horn,2
apartmentpeople,2
monday,2
shattered,2
convincing,2
discussion,2
raven,2
cant,2
corvette,2
jack,2
otherwise,2
er,2
upcoming,2
riding,2
doi,2
reoccurring,2
couch,2
disturbance,2
brick,2
prankster,2
level,2
meghost,2
flew,2
project,2
auntie,2
witnessed,2
shadowy,2
experiencesi,2
foreground,2
housepeople,2
paul,2
submarine,2
spiritsmy,2
nan,2
residual,2
invite,2
revealed,2
posing,2
willing,2
penitentiary,2
hag,2
vaughn,2
choking,2
relative,2
filter,2
paranormalmy,2
hot,2
mistake,2
present,2
affect,2
response,2
entitymy,2
belongs,2
filming,2
dish,2
dreamsi,2
piece,2
active,2
pub,2
audible,2
hidden,2
esto,2
hunched,2
mention,2
childthe,2
perspective,2
everywhere,2
including,2
jumping,2
pain,2
bookstore,2
asleepmy,2
creaturethe,2
warm,2
whats,2
bear,2
fix,2
refuse,2
upper,2
button,2
projecting,2
spectrum,2
cop,2
vanished,2
appalachian,2
chat,2
female,2
diego,2
nowi,2
quiet,2
weeping,2
ghostswhispers,2
matter,2
innocence,2
jump,2
househow,2
continued,2
unsettling,2
pendle,2
university,2
social,2
absolutely,2
affecting,2
forever,2
ancient,2
rider,2
council,2
divine,2
easy,2
ride,2
upload,2
paranormales,2
winged,2
grandad,2
apart,2
rental,2
either,2
hauntingone,2
dirt,2
goatman,2
period,2
joined,2
tat,2
terrori,2
passenger,2
weirdness,2
explainer,2
clsparanormal,2
houseso,2
ghosthunting,2
nightdo,2
doo,2
catholic,2
yo,2
intense,2
toddlerthe,2
gilacountyjail,2
myth,2
closer,2
paramedic,2
grey,2
spiritmy,2
daylight,2
vibration,2
globeaz,2
boo,2
ismy,2
reacting,2
raise,2
debunking,2
firsthow,2
sex,2
electronic,2
prevent,2
flashlight,2
meditation,2
neighbour,2
foreign,2
speaks,2
cut,2
fraud,2
fatheri,2
surprise,2
apartmentmy,2
spring,2
queen,2
skull,2
spirt,2
july,2
iti,2
screaming,2
horse,2
shepton,2
ir,2
nature,2
meson,2
slowed,2
neck,2
traumatized,2
ripped,2
housesomething,2
miss,2
exists,2
posse,2
basket,2
speed,2
killer,2
apparently,2
hole,2
lens,2
buildingwhat,2
hoping,2
protected,2
clown,2
amount,2
occasional,2
communicated,2
houseis,2
removed,2
laundry,2
branch,2
waiting,2
windowjust,2
ghostsmy,2
weight,2
waterloo,2
prank,2
outi,2
confirm,2
fixed,2
obvious,2
hampton,2
seemingly,2
november,2
haunteddoes,2
greeting,2
lava,2
mobile,2
four,2
storiesi,2
incounters,2
causing,2
nothingi,2
photoshop,2
theatre,2
scene,2
restroom,2
paralysisdo,1
alzheimer,1
meowing,1
shiver,1
survivorcat,1
businessyellow,1
pharmacy,1
demoni,1
responded,1
questionsstrange,1
formationit,1
alleluia,1
encountersage,1
okayblue,1
musing,1
disembodiedvoice,1
unfinished,1
twelve,1
babymommas,1
nythere,1
mansionplayful,1
goodsaw,1
butthe,1
smilestrange,1
sending,1
séance,1
postsfinally,1
upstate,1
condo,1
low,1
heartbreaking,1
thingbreathingvery,1
emptiness,1
contemplating,1
deathbedroom,1
weekhow,1
amazing,1
headmimic,1
seeming,1
psychedelic,1
tvme,1
vic,1
workparanormal,1
creaturesleep,1
kidis,1
angelic,1
b,1
pantherportal,1
gust,1
woodsthoughts,1
mushroom,1
doctor,1
yardhas,1
catencounteri,1
bornghost,1
agoraphobicirish,1
voicethe,1
homedancing,1
ghostssomething,1
biting,1
worship,1
dreadnursing,1
practised,1
sonthis,1
rideblurry,1
entitydark,1
woodsam,1
outsidenurses,1
courtyard,1
queenscliff,1
disappearingpeople,1
itselfplease,1
nightghost,1
hauntedlocationsthe,1
experienceweird,1
experiencesbasheerullah,1
mimicked,1
basheerullah,1
farewelli,1
criket,1
generally,1
enjoyi,1
armhatman,1
paranormalinvestigation,1
graduate,1
sidehas,1
visitencounter,1
figuresa,1
skeletor,1
resided,1
civil,1
neckwhat,1
pregnantsaw,1
crow,1
mebrujeria,1
childsome,1
pointi,1
handprint,1
math,1
butterfly,1
classwhat,1
streetfeels,1
helpwe,1
breeze,1
housemale,1
apple,1
uncleindia,1
battery,1
custom,1
playgroundpotentially,1
moon,1
diedmy,1
preformed,1
updating,1
plantationcómo,1
shirley,1
viernes,1
jacksonhas,1
saging,1
deadthat,1
hellthat,1
bathroomwolves,1
drag,1
washad,1
calleda,1
ghosthere,1
tentaclesheard,1
tarotaliens,1
lightpushed,1
shadowfigures,1
nearby,1
galveston,1
diminish,1
sliding,1
hereafterouija,1
signaling,1
olga,1
samaroffdo,1
prior,1
dec,1
nasty,1
beyonda,1
moblack,1
momentum,1
joplin,1
familyuncles,1
rez,1
ufoweird,1
attackedwet,1
troublea,1
lunar,1
micheal,1
aloneexperiences,1
récurrentes,1
horrifying,1
participated,1
dospark,1
hauntingif,1
mansionpretty,1
hauntedshould,1
mouse,1
vibesare,1
innocent,1
ghostworlds,1
omensecurity,1
visitorphantom,1
callsfelt,1
hold,1
firmlygoogle,1
sonwhat,1
assistant,1
ghots,1
otherwordly,1
anatomy,1
activitytheres,1
placestrange,1
intuition,1
ambient,1
townhome,1
issuescreepy,1
nicolas,1
exciting,1
thinga,1
socket,1
scout,1
religionprevious,1
une,1
clinique,1
owns,1
pan,1
mephoto,1
basementsomething,1
finialthe,1
coat,1
honestly,1
hereart,1
army,1
bedcrazy,1
movementhas,1
whose,1
discovering,1
ghostthis,1
encountersshadow,1
tag,1
beach,1
beyondhave,1
aloneweird,1
ghostsis,1
demonpahrump,1
boxbreaking,1
lifepoltergeist,1
stationsomething,1
spiritsthe,1
dessertprobably,1
mainei,1
persigue,1
fireanybody,1
alittle,1
witnessing,1
eyesactivity,1
ghostscan,1
homemysterious,1
tucked,1
homeless,1
awoke,1
futurethe,1
blinking,1
diedi,1
ghostentity,1
stuffed,1
dogscheck,1
toowhat,1
netherlandsi,1
involving,1
wisconsin,1
attackhaunted,1
testnot,1
spooksmy,1
deathi,1
slowly,1
robea,1
worstcentreville,1
houseghost,1
jumper,1
aqui,1
demoniowoke,1
prom,1
puzzled,1
crazysupernatural,1
meencounter,1
beady,1
support,1
estatefloating,1
spectre,1
keyboard,1
skinny,1
test,1
shitpost,1
nighthouse,1
lifefriend,1
windowguatemalan,1
incidenti,1
happeningsmy,1
ragelooking,1
placestory,1
alarmsgrew,1
superpower,1
overshadowscan,1
faceorbs,1
opposite,1
ncno,1
mephantom,1
duvet,1
townwhy,1
al,1
lightsrandom,1
sporadic,1
timesomeone,1
hauntedso,1
happenedtears,1
experiencecloaked,1
windowhere,1
iccubus,1
salt,1
hadthere,1
care,1
housethink,1
intersection,1
ghostorbsi,1
clapping,1
court,1
casting,1
asleepfarm,1
guarding,1
spiritsfirst,1
palace,1
experienceskeptical,1
forward,1
hollow,1
clarity,1
clueunknown,1
greater,1
pregnantexperienced,1
firsthand,1
therewhat,1
luckwhy,1
specter,1
realitybraided,1
incidentsshadow,1
followedparanormal,1
doorreal,1
line,1
strangeweird,1
clothing,1
elsewherepossible,1
placed,1
blanket,1
entitieswth,1
catdebunk,1
shayne,1
prime,1
bring,1
ryan,1
meprecognition,1
dragonfirst,1
paralysisguardian,1
roadskeletor,1
experienceme,1
morningi,1
explanationsanyone,1
passedfather,1
crystal,1
experiements,1
dreamstalking,1
gir,1
hallhow,1
springsis,1
doorthe,1
rang,1
fingernail,1
isnt,1
therewoke,1
attachmentthe,1
moredemon,1
scribble,1
ghostdemon,1
allover,1
whooped,1
flashlighti,1
yall,1
warped,1
summonedexplain,1
thingjust,1
mediuma,1
questionpocono,1
cought,1
onesadd,1
freakedparanormale,1
erlebnissepossibly,1
skinwalkershadow,1
burning,1
vrieser,1
framejeremy,1
boardupside,1
kitchenouija,1
beinglast,1
ohio,1
palm,1
skyi,1
sphere,1
manthere,1
courtyardweird,1
bathroomstrange,1
figuresomething,1
springsshadow,1
press,1
finger,1
spine,1
confinement,1
crazydog,1
solitary,1
playground,1
storiesstrange,1
scooby,1
whiteskinwalker,1
como,1
encountermultiple,1
unleashed,1
skepticspirits,1
ghostunexplainable,1
shadowlooking,1
rumour,1
credit,1
reformatory,1
personlittle,1
terrifiedmoving,1
stuffghost,1
thehatman,1
beingwhy,1
mirrormy,1
premonitionsintense,1
encounterorb,1
appim,1
midnightsomething,1
welcome,1
usdefining,1
asapso,1
answerschillest,1
theater,1
medical,1
peaking,1
stalking,1
birdcage,1
bill,1
necrometer,1
likley,1
backgroundis,1
itcreepy,1
househave,1
soaring,1
occurrencemystery,1
viajero,1
tiempo,1
phenomenonmy,1
spending,1
verify,1
sought,1
arizonais,1
facehas,1
gfs,1
bubble,1
encountersmichigan,1
pleaseam,1
encountersparanormal,1
evidencehelp,1
trouble,1
peekers,1
passingmy,1
mesaw,1
venting,1
transform,1
asap,1
bushesthe,1
realis,1
ghostinsignificant,1
legitcan,1
treewe,1
overthe,1
deadmystery,1
illusion,1
transformed,1
elsecat,1
supply,1
sinceorb,1
unclecan,1
thisthe,1
housewoke,1
tenswhy,1
offer,1
boardfour,1
yearswhite,1
exploding,1
realan,1
faintly,1
isam,1
starched,1
hauntedlocations,1
paranormalequipment,1
choose,1
sealed,1
electronicvoicephenomenongenuine,1
ectoplasm,1
eyestoo,1
slave,1
bedpeople,1
falkirk,1
northern,1
gila,1
irelandam,1
whiteanother,1
themself,1
doorsnicely,1
grouphas,1
gem,1
readinghearing,1
heremore,1
sacramento,1
moose,1
netherlandswomen,1
scaryvoice,1
sighted,1
nowhereskinwalker,1
albino,1
explainstrange,1
passsaw,1
scotland,1
messenger,1
garagecryptid,1
homesleep,1
videofew,1
somethingmore,1
whistler,1
mistthe,1
homework,1
friendwell,1
ease,1
teammate,1
problemsi,1
experienceportal,1
englandweird,1
houseweird,1
shadowsmy,1
dresslight,1
mesomeone,1
girla,1
veryshort,1
facesthe,1
wormy,1
vanity,1
flyam,1
charlie,1
laternot,1
position,1
knowmy,1
least,1
oni,1
landlittle,1
occasion,1
terminal,1
protocolexperience,1
nightgot,1
egyptian,1
languagehave,1
fue,1
sleepwalking,1
momgirlfriends,1
shenanigan,1
gamehousemate,1
pasogrey,1
lo,1
digan,1
shitting,1
oujia,1
unused,1
resembling,1
dread,1
screech,1
beachheard,1
asapblood,1
relatively,1
heavenhitler,1
handthe,1
everyones,1
wooden,1
yearwhat,1
molevalent,1
bead,1
mepotential,1
skeleton,1
mecosmopolitan,1
strollerwhat,1
dybbuk,1
stemming,1
windolly,1
dimpleguy,1
diegotrauma,1
memorythere,1
encountervivid,1
figuretrue,1
dawn,1
stairssaw,1
icebergsweird,1
friendwoman,1
kidthis,1
scatter,1
spiderwebs,1
abducted,1
damn,1
relevancethat,1
extraterrestrialopen,1
camirrors,1
simi,1
cupboard,1
manson,1
friendvoice,1
ignored,1
hitchhikeris,1
husbandwhat,1
electric,1
exaaaactly,1
zealand,1
heightened,1
smacken,1
vengeful,1
accessible,1
crazya,1
tourism,1
itheard,1
tearing,1
addition,1
thank,1
normally,1
preoccupied,1
awoken,1
housecuts,1
settled,1
destroyed,1
ozark,1
hurricane,1
sortsi,1
weirdmates,1
ghosties,1
aloneis,1
stealing,1
refused,1
extremly,1
peek,1
childwho,1
motherpossible,1
insightsomething,1
unspoken,1
jobcoincidence,1
size,1
barbie,1
doberman,1
silent,1
alonebound,1
smtg,1
disrespecting,1
writer,1
coïncidence,1
projectionbond,1
eventsanything,1
nextdoorparanormal,1
sonok,1
visuals,1
timecoincidence,1
ima,1
abt,1
answered,1
storyoujia,1
pagethe,1
poorly,1
ed,1
casebook,1
annabelle,1
homeshould,1
nursing,1
logically,1
bee,1
warrenjust,1
checking,1
movednew,1
suddennew,1
gated,1
outpotential,1
abbey,1
lorraine,1
suddenshadow,1
houseintro,1
wisconsinso,1
fastforward,1
perifiral,1
apartmentthe,1
hauntedif,1
fridge,1
apparations,1
lamont,1
experienceswoke,1
growling,1
cornersummerwind,1
themselvesmy,1
switching,1
banginnew,1
energylight,1
remote,1
humming,1
bfs,1
impossibledoes,1
herei,1
growled,1
outfinally,1
metrue,1
yardsomething,1
uplate,1
questionsvery,1
commentsthis,1
seer,1
ashai,1
storiesmy,1
bedroommy,1
demise,1
entitythe,1
carbon,1
saudi,1
suggestionswhat,1
cluster,1
storyenormous,1
mate,1
sunrayecan,1
sticker,1
bumper,1
snowsaw,1
orbshadow,1
yardnew,1
foreverthis,1
suit,1
chemistry,1
startingshould,1
bulb,1
dance,1
stamp,1
bedroomanyway,1
apartmentghost,1
misidentified,1
tiny,1
usai,1
gather,1
whistlesorry,1
spiritsweird,1
reproducible,1
caseghosts,1
ten,1
colosseum,1
freedom,1
romeagent,1
degree,1
harrowing,1
afterlifewhat,1
longerunexplained,1
crashobject,1
recordingsjust,1
languagehospital,1
tracker,1
sixth,1
experienceliving,1
lifewhat,1
ruined,1
visitis,1
crashing,1
appearparanormal,1
editing,1
particle,1
antiquitydust,1
onbook,1
roadlook,1
encountersghosts,1
convention,1
demonologists,1
hauntingwhen,1
recommend,1
creaturehearing,1
dreamstransfigured,1
connectionsthe,1
churchquestion,1
order,1
emmanuel,1
experiencesun,1
stream,1
enhance,1
sport,1
wallghost,1
nothingdirty,1
namesdog,1
spacesthis,1
armagh,1
mischief,1
elemental,1
clay,1
wo,1
framehey,1
storeroom,1
involvedi,1
tribal,1
schoolflannel,1
roomgirl,1
passedso,1
flatlooks,1
darknessmy,1
wild,1
maskmy,1
preety,1
hauntedhad,1
devon,1
distancesmy,1
experiencestrange,1
unexciting,1
𝖾𝗇𝖼𝗈𝗎𝗇𝗍𝖾𝗋my,1
asshole,1
excepcional,1
caso,1
aboutwoke,1
encounterexperience,1
movehas,1
rule,1
pasadoi,1
paranormaldemons,1
ghostrunning,1
buckle,1
hadholy,1
horrorswhat,1
childhoodshadow,1
persona,1
racket,1
supporter,1
hopeentity,1
sightingmy,1
gaa,1
bunny,1
easter,1
heri,1
favor,1
higher,1
accountcan,1
mequestionsleep,1
diary,1
gatineau,1
quebec,1
nightmaresreoccuring,1
photographmom,1
disappoint,1
replica,1
pillowis,1
feeder,1
tjat,1
closetep,1
homemonster,1
brotherit,1
amjust,1
programed,1
vacationing,1
developing,1
explanationcreepy,1
backplease,1
knowledgefound,1
educated,1
melooking,1
brain,1
victorian,1
happeni,1
canceling,1
vancouver,1
hearparanormal,1
paranormalthis,1
evidencia,1
happenwhat,1
questionthere,1
youngermy,1
nursehotel,1
spookynanigans,1
rack,1
mewineglass,1
submergence,1
literal,1
sonsleep,1
hauntedghosts,1
firstam,1
basementthinking,1
afkdiscussions,1
stopping,1
worktop,1
wallspirit,1
storystrange,1
bank,1
reasonable,1
killing,1
bodytrue,1
staircaseknives,1
budget,1
skulli,1
starling,1
overboard,1
personcan,1
questionface,1
woody,1
itselfghost,1
railing,1
loop,1
porch,1
si,1
ladybug,1
offmy,1
actingwhat,1
act,1
rememberhow,1
return,1
whistlinga,1
figureevery,1
classical,1
menasty,1
closetcould,1
disappearsmonster,1
prepared,1
crap,1
brutally,1
windownice,1
parkasking,1
explainthe,1
investigationstarot,1
closetgrandma,1
visiti,1
faking,1
nightflashing,1
houseno,1
asleepanyone,1
half,1
hauntingfirst,1
nc,1
pendulum,1
webcam,1
manassas,1
hermaphroditic,1
laptop,1
stopsomething,1
dice,1
prozak,1
experiencesteve,1
whydisappearing,1
excellent,1
dyingspirits,1
diesactivity,1
spiritwho,1
signal,1
harris,1
aloneidk,1
giving,1
dreamsfootsteps,1
hefootsteps,1
spottingmy,1
cellphone,1
lemon,1
birthdaymy,1
whatasking,1
campdreams,1
yr,1
uninvited,1
significant,1
garabandal,1
experiencemarian,1
seenlate,1
cleaning,1
shedwhat,1
outpossible,1
tonightwho,1
timehospice,1
alike,1
extent,1
entityi,1
regular,1
househelp,1
mesharing,1
atm,1
clarification,1
caremy,1
bunch,1
whining,1
hauntingobscure,1
portalswhy,1
weather,1
enjoying,1
sunflower,1
consecutive,1
whisp,1
onwhat,1
finale,1
childhoodan,1
caribbean,1
reminded,1
ringtonetalking,1
hauntedthe,1
flashing,1
thisdream,1
write,1
saythis,1
countrysidemy,1
figured,1
weekendexperiences,1
agoweird,1
windowhigh,1
friendmom,1
sleepingchildhood,1
grandpathoughts,1
spiritsdo,1
savannahtruth,1
imitating,1
thingi,1
carried,1
adult,1
spiritdid,1
jerome,1
exterior,1
jeffery,1
pottery,1
apartmentanimals,1
freezingred,1
backyardmet,1
nickname,1
featuresi,1
leprechaun,1
divewaypossible,1
frequency,1
surei,1
colour,1
agohelp,1
houseshttps,1
nopeneed,1
advicein,1
tuvespiritual,1
serviceghost,1
agois,1
sittingsphoto,1
wit,1
momam,1
presa,1
hauntedche,1
pareidolia,1
delhi,1
balimultiple,1
understandjust,1
demonminions,1
regarded,1
characterized,1
united,1
responsible,1
interviewi,1
newsmax,1
sleepnot,1
arkansas,1
encountervery,1
knocksjust,1
indigenous,1
chupacabra,1
forgetbrowsing,1
spiritam,1
terrorized,1
bunkerminions,1
videomy,1
marketplace,1
headache,1
dreamincreasing,1
entitywhat,1
helpnegative,1
sitedog,1
jumped,1
mimicry,1
carmel,1
channelhas,1
hatour,1
manlooking,1
rangolo,1
caallesd,1
stood,1
visionwho,1
outstrange,1
closedi,1
log,1
current,1
closetcopycat,1
disappeareddemons,1
meparanormalin,1
adviceo,1
deadwave,1
encounterused,1
stoppedparanormal,1
arizonahotel,1
subreddits,1
lawrence,1
paintingdeathbed,1
caughtthe,1
meghostly,1
customer,1
repair,1
aggressively,1
noiseselectrical,1
tiene,1
anymorechildhood,1
facebookthings,1
liga,1
quintal,1
seu,1
caiu,1
depois,1
lead,1
mitchell,1
alienígenas,1
visto,1
ter,1
afirma,1
permanently,1
slightlycontacting,1
videowhispers,1
sonhaunted,1
webstrange,1
desperately,1
desc,1
altísimo,1
plenum,1
gratia,1
reino,1
laterweird,1
amor,1
knower,1
vengo,1
youtubers,1
arcángel,1
miguel,1
housesoy,1
txmy,1
límites,1
realstrange,1
cult,1
californiai,1
wyze,1
hadhelp,1
meanrecent,1
voicemail,1
continuously,1
sounding,1
curtaini,1
sueñothe,1
postpone,1
neighborhoodantelope,1
wendigo,1
timefirst,1
leftwhat,1
youtubeanyone,1
roomtengo,1
flickered,1
tráiler,1
awaylost,1
creak,1
concerning,1
admit,1
askedwoke,1
knowyou,1
faded,1
thoughbad,1
plsscreaming,1
catdon,1
curd,1
occurances,1
knowcheese,1
ghosthas,1
holidaysorrel,1
realsourcing,1
welcoming,1
husbanddouble,1
donde,1
fondest,1
gentleman,1
granny,1
outfit,1
camerakind,1
mecaptured,1
spying,1
geelong,1
againshould,1
scarydoll,1
miedo,1
houseconsistent,1
hatthe,1
worriedthe,1
memorydemon,1
exploraciones,1
snake,1
figurestype,1
encounterangel,1
mundo,1
workpossible,1
marka,1
owndoes,1
desert,1
colossal,1
melbourne,1
oculto,1
hatdo,1
admitthe,1
asylumthey,1
pennhurst,1
dae,1
família,1
eyesa,1
celebrity,1
hooded,1
debunked,1
firehouse,1
diedsomething,1
terrifiedghost,1
educationnot,1
heremothers,1
followedrealized,1
hasnt,1
lesson,1
happenedwhat,1
svetlana,1
teletsall,1
experiencedi,1
bittersweet,1
davis,1
azhas,1
secured,1
thingswhen,1
dreamseeking,1
crossover,1
presencesit,1
activityhow,1
situationparanormal,1
mimiced,1
schoolspiritual,1
junction,1
witnessedpossible,1
thébaud,1
mishka,1
sanctuarysame,1
bat,1
phoenix,1
placewhy,1
doingobject,1
thoughtform,1
vegasempty,1
ignatius,1
roswellmy,1
sightingradio,1
bull,1
inheritancei,1
musicghost,1
crytid,1
colfax,1
footstepsparanormal,1
op,1
encountermousse,1
experiencehow,1
helpmousse,1
passingparanormal,1
hostpital,1
wawtf,1
hallucinate,1
bedmy,1
teendid,1
passanyone,1
pictureidk,1
trash,1
insightmy,1
cowboythe,1
headless,1
demonsit,1
itc,1
ghostsi,1
cherished,1
rosie,1
passedthis,1
everydaymy,1
boardsevidence,1
spouse,1
documentarywhat,1
waterthe,1
sourcemy,1
paintingghostly,1
yesterdaydid,1
visitorencounter,1
photoa,1
monthi,1
hippie,1
whistlesomething,1
boardteachers,1
sleptanyone,1
farmhouseencounter,1
letter,1
dew,1
twoterrifying,1
pmwalking,1
mumpicture,1
screwed,1
circlereading,1
interactionneed,1
cemeteryphysical,1
pythia,1
knight,1
flamerocking,1
wreathed,1
houseany,1
thats,1
housenot,1
sum,1
encounterssomething,1
commit,1
househotel,1
amdark,1
experiencesparanormal,1
nymy,1
kiss,1
subconsciousghosts,1
storyhearing,1
yearscreepy,1
asleephas,1
molestation,1
soundswarned,1
hotelsomething,1
crazed,1
paramedicsomethings,1
problemthis,1
slammingneed,1
sodona,1
housedec,1
answeredparanormal,1
nightgrew,1
mescooby,1
paralysisthis,1
adirondacks,1
chandelier,1
dollswhy,1
searching,1
apt,1
lifetime,1
deploymentspirit,1
themhaunted,1
experienceshaunted,1
fedoratheres,1
videoorbs,1
issaw,1
submersible,1
typing,1
encountermore,1
hauntedtyping,1
nightnot,1
thinkneed,1
memidnight,1
knockingdo,1
ghostbreathing,1
vox,1
blanketdid,1
whisperstall,1
manpretty,1
ghostweird,1
ghostany,1
opis,1
figuresquestions,1
kiddream,1
tookunexplained,1
nocheunexplainable,1
horas,1
altas,1
vail,1
dreamthe,1
gatlinburg,1
humancrying,1
townhousehas,1
study,1
voicesshould,1
existence,1
homeshadow,1
tracksa,1
reali,1
personally,1
encountersthis,1
gamesred,1
creaturechildhood,1
smiling,1
windowwhat,1
lolthe,1
rells,1
caminando,1
orbstuff,1
african,1
freakyhas,1
stationngl,1
agostrange,1
saturdayneed,1
watchparanormal,1
mechanic,1
hallwaynorth,1
bigfoot,1
guard,1
trivial,1
homesweird,1
dreamme,1
sleepstrange,1
smokey,1
iowanot,1
cabini,1
phot,1
humanoide,1
experiencehey,1
landextraña,1
thoughtthis,1
weirdphysical,1
los,1
worm,1
jokei,1
angeles,1
camp,1
netflix,1
bedghost,1
playtestcabin,1
infront,1
icky,1
sw,1
babyi,1
survey,1
daywhat,1
fukin,1
passedhave,1
participating,1
delve,1
dogthere,1
nightwhispers,1
storyman,1
websitethe,1
paradolia,1
thistop,1
sewer,1
deciding,1
encounterwhen,1
accidentmy,1
hauntingssaw,1
returned,1
woodsplaying,1
special,1
theremy,1
dime,1
stoped,1
tesla,1
anyonegrandmas,1
pleasesleepless,1
seathe,1
hypnotizing,1
nowwhy,1
variation,1
whyi,1
realised,1
contextour,1
revaluation,1
cologne,1
crappy,1
youngerwoman,1
ghostscared,1
speak,1
gunshot,1
kinver,1
pooplessovernight,1
nani,1
windowsomething,1
traveling,1
wellfifinellagranddaughter,1
surgery,1
forresti,1
ect,1
advised,1
burry,1
sunday,1
backyardthe,1
cigarette,1
backfor,1
agnesart,1
comforting,1
drowninghas,1
fl,1
poster,1
shown,1
friendghost,1
pope,1
dollspoltergeist,1
southporcelain,1
raid,1
updemonic,1
exorcistwe,1
sirenschild,1
pici,1
slam,1
onneed,1
terminally,1
yelling,1
encounterghost,1
rhythm,1
gravekind,1
dreamsdo,1
agocreature,1
homemy,1
couchcursed,1
communication,1
quija,1
helpwhat,1
objectdoes,1
encountersjust,1
alongthe,1
roomsghost,1
angle,1
crazypre,1
forgethandprint,1
tvquestion,1
seershoeing,1
schoolsightingsghosttube,1
outlinesitems,1
tumalo,1
pregnantmy,1
airbnb,1
experiencesskinwalker,1
witchcraftan,1
itemsi,1
apparentlywhat,1
amoebahave,1
insightsome,1
westminster,1
tripvisitation,1
homemade,1
visitsmy,1
bedentity,1
traumatizing,1
experiencereoccurring,1
captureit,1
fluteanother,1
paralysisshadow,1
offpeople,1
begin,1
plslet,1
helpbook,1
cai,1
upcopied,1
therei,1
plsentity,1
borderline,1
blackout,1
closetweird,1
voicewhat,1
camerathe,1
ballsparallel,1
movecan,1
experiencesstory,1
husbandbad,1
houseboyfriend,1
hauntedbythedarknesstell,1
physically,1
ghostsshe,1
experiencesa,1
madethose,1
astroworld,1
auntcursed,1
medo,1
paranormalinvestigationi,1
evpsaved,1
dwarf,1
delivery,1
experiencesstrange,1
lesser,1
speculationwhat,1
consensusasheville,1
sapper,1
storiespresence,1
animated,1
alonevi,1
shadowencounter,1
townmy,1
timeparanormal,1
coahuila,1
acuña,1
proving,1
miscarriagetired,1
uma,1
lurking,1
coupleweird,1
bast,1
genova,1
aquarium,1
ii,1
wrinkle,1
familypart,1
timewelcome,1
itsister,1
footstepssomeone,1
knowledge,1
nurseryghost,1
losssaw,1
sobrenaturalsome,1
beltroommate,1
drum,1
beatencounters,1
diiegospyckerzss,1
paralysisnew,1
dayghost,1
repost,1
humble,1
trunk,1
legendary,1
tony,1
reported,1
usbghost,1
device,1
wellpeople,1
happeningdoors,1
nightthings,1
interview,1
india,1
imugr,1
diegoparanormal,1
jobmy,1
everywheresavannah,1
housetook,1
protector,1
biped,1
chatterevery,1
vodoo,1
mask,1
creepypasta,1
ton,1
videoweird,1
explanationsnecrophonic,1
flashed,1
sexually,1
spiritweird,1
lightsbright,1
devilhundreds,1
dovoice,1
rationalize,1
menight,1
silly,1
orbi,1
unrecognizable,1
wolfwas,1
anomalydark,1
hometap,1
texasthe,1
honda,1
bkk,1
airportmy,1
stuffhas,1
clairvoyant,1
sniffing,1
spiritghost,1
workhad,1
dialer,1
rememberlooking,1
shiftmy,1
dock,1
sccan,1
charleston,1
lightim,1
soulswoke,1
erratically,1
customermy,1
whybobby,1
questionis,1
objectsleep,1
extraterrestrial,1
subject,1
tucking,1
learned,1
robo,1
coincidental,1
lightmysterious,1
boxcaptain,1
grant,1
previously,1
nothingis,1
connecticutsomething,1
clairvoyanti,1
figurehas,1
dreamreal,1
firsti,1
watcherthe,1
fucked,1
fience,1
coyoteis,1
melancholy,1
litter,1
posssesion,1
behow,1
bootscan,1
slovakiawoke,1
unwanted,1
astralwhats,1
together,1
compassion,1
berlin,1
tear,1
remainsspeck,1
mr,1
angelalien,1
tank,1
fari,1
apartmentupdate,1
electronics,1
sun,1
dimensional,1
hauntedrms,1
caffe,1
paralysisexperience,1
bible,1
paralysissleeping,1
footageweirdest,1
fine,1
desk,1
sneak,1
threw,1
grawlthe,1
encounteranyone,1
delulu,1
backwhite,1
uspoltergeist,1
memissing,1
evesaw,1
mirrorglitch,1
lifepotential,1
handedly,1
rentalan,1
visitastrange,1
agouna,1
allergic,1
alcoholicunexplained,1
lifedemonic,1
pupold,1
denmarkno,1
activitywhat,1
closeton,1
happenshave,1
orbshaunted,1
windowlittle,1
scaryhundreds,1
experiencedcreepiest,1
pup,1
hauntedbaby,1
problem,1
vids,1
apartmentwhy,1
homehunted,1
lurks,1
insists,1
tourstevie,1
hm,1
grandmotherthere,1
spend,1
woodswhat,1
ray,1
pleasewhat,1
effectmy,1
paranormalmicrosoft,1
overfloddedentity,1
il,1
existanything,1
blade,1
bathsheba,1
flbad,1
lucie,1
sherman,1
port,1
skylooking,1
voyeur,1
nighthello,1
cutsomeone,1
interrupt,1
paranormalis,1
missouribad,1
joeseph,1
kidst,1
llorona,1
soulsworst,1
clothes,1
eventswent,1
trade,1
thissooo,1
testing,1
mumble,1
appi,1
colonial,1
litteraly,1
shorter,1
salewhat,1
bargained,1
hauntedok,1
accommodation,1
uni,1
claritymy,1
supposedly,1
storiespossible,1
height,1
huh,1
mimicghost,1
daughterssomeone,1
wdyt,1
rica,1
costa,1
interestthe,1
cute,1
carson,1
dollno,1
lite,1
ghostalker,1
hitchhiker,1
housecross,1
dreamsstranger,1
answershearing,1
timeline,1
lifemagnetite,1
sawfriend,1
деятельность,1
вы,1
ли,1
itselfdoor,1
upвстречали,1
behindanyone,1
happenmy,1
себя,1
hovered,1
schizophreniai,1
nightstatic,1
grandmotheris,1
connect,1
shock,1
домовых,1
hy,1
charlatan,1
backstoryi,1
highwaybig,1
crossing,1
predicted,1
ghostsare,1
knowhelp,1
wendigosomething,1
forestthe,1
дома,1
sachs,1
bin,1
alluring,1
acknowledged,1
rightthe,1
zombie,1
beachmy,1
includedmy,1
loft,1
flaming,1
begging,1
explainare,1
pleasesomething,1
beginner,1
wellvoices,1
creaturecaught,1
tomorrowhumorous,1
appsi,1
coincidencesrift,1
information,1
roomweird,1
candle,1
jude,1
knowsaint,1
videodust,1
crushed,1
troublefootprint,1
memoryparanormal,1
spiritstook,1
spirithow,1
powerful,1
grandpafootsteps,1
asylumwhy,1
phenomenonmanteno,1
treespet,1
israel,1
accountspossible,1
stairsparanormal,1
eyewitness,1
kibble,1
bedcan,1
askedhas,1
peoplehaunted,1
tubeanybody,1
london,1
duskyellow,1
cooneen,1
fond,1
uki,1
legacy,1
grudge,1
insipired,1
kalgoorliegraveyard,1
cemeteryi,1
shenanigansthe,1
cati,1
personelementary,1
documentarydemons,1
opiniondo,1
twitch,1
rose,1
collegei,1
memoriesspirit,1
encountersthe,1
girlghost,1
photographer,1
prolific,1
tweaked,1
rehearsal,1
rattlingthat,1
spacenothing,1
shoot,1
churchwhy,1
thus,1
deadghost,1
hospitalsdoor,1
outcaught,1
thinkdo,1
legsprobably,1
houseparamedic,1
backstory,1
historical,1
bnb,1
helpreal,1
lockdown,1
style,1
storiesthis,1
marking,1
smt,1
server,1
jokefull,1
commited,1
sideodd,1
taunted,1
knowing,1
friendsmy,1
itselfweird,1
round,1
scoot,1
fiend,1
unknownwas,1
bedsaw,1
trend,1
internationally,1
lay,1
spiritskinwalker,1
ghostsa,1
campfire,1
consistently,1
williamsburg,1
recordingsin,1
reverse,1
asleepdream,1
eyesnecrophonic,1
nightare,1
incidentmy,1
innhaunted,1
charger,1
far,1
encountersmy,1
synchronicity,1
explanationmy,1
williamsburgneed,1
farnsworth,1
subsequent,1
enters,1
somethingwhy,1
faucet,1
popped,1
visitationspooky,1
installer,1
smokeowls,1
upsmoke,1
plane,1
bathroomspeeding,1
roomdid,1
theateroblong,1
restaurantsmy,1
hunchback,1
fit,1
answerim,1
sears,1
prague,1
puppetsa,1
cloneregarding,1
combat,1
veil,1
understanddid,1
hallbodmin,1
uswhat,1
meantparanormal,1
experiencesanybody,1
inspire,1
author,1
ch,1
angeljust,1
illinoisspooky,1
thismy,1
inherited,1
itanyone,1
enthusiast,1
stuffwas,1
uptick,1
earthquake,1
physical,1
skinwalkereye,1
dobizarre,1
stockton,1
researcher,1
roommy,1
outhelp,1
callerthe,1
offsleep,1
duplexreality,1
jacking,1
handi,1
heardstrange,1
hatmy,1
awesome,1
cowboy,1
goodbyethere,1
recognized,1
thingsalien,1
spectrumthe,1
raspy,1
changeold,1
tarot,1
encounterspeople,1
wingsleep,1
quiver,1
moonthe,1
encounterblood,1
nephew,1
snoringmy,1
asmr,1
doorconvinced,1
mansionpremonition,1
changedi,1
babyunexplained,1
culture,1
wraithare,1
bedvisited,1
bedman,1
warpaint,1
oopsiepossible,1
occurred,1
backowl,1
curtainsexperience,1
attachmentcrosses,1
continual,1
outhaunted,1
namereoccurring,1
libraryunexplained,1
stuffie,1
painted,1
evidencevery,1
invaded,1
rough,1
whisperi,1
lifelong,1
shaman,1
familyhas,1
argument,1
professionally,1
precognitive,1
casted,1
immediately,1
hellhole,1
according,1
warlock,1
ona,1
sleeve,1
sightinglooking,1
intodoorcan,1
texashe,1
chubby,1
asks,1
housetrue,1
nowparanormal,1
glider,1
youtubered,1
negatively,1
repetitive,1
realityi,1
alternate,1
drained,1
mistaking,1
houseghosts,1
agored,1
encounterscary,1
frameterrified,1
storythis,1
spiritsan,1
thingsa,1
viewing,1
philippine,1
peopleoverwhelmingly,1
motorbike,1
knowawesome,1
hatman,1
camerahaunted,1
landlordmy,1
grandadshadow,1
humanoidsmy,1
textured,1
storygranola,1
symbolism,1
dollshas,1
triangle,1
arranged,1
denmarkdemons,1
perfectly,1
meditationi,1
experiencefound,1
questioncreepy,1
locking,1
critter,1
potentially,1
raccoon,1
possum,1
rat,1
dreamslooking,1
ending,1
acre,1
rokos,1
pressed,1
basilisk,1
paranormaltrue,1
roofing,1
experiencesanyone,1
experienceextremely,1
wickham,1
answermi,1
experiencia,1
debunkart,1
uphell,1
univerisityinteresting,1
universityhas,1
regretted,1
motherunusual,1
latoddler,1
francisville,1
explainhelp,1
experienceold,1
exhausting,1
beingneed,1
beezelbub,1
bigelowesleepwalking,1
usdaughter,1
windowshadow,1
morningthe,1
bathroomloud,1
estaba,1
placesomone,1
knewgrandpa,1
pregnant,1
scaryi,1
legitimately,1
understandingdestination,1
campinghe,1
wordsghosts,1
inaudible,1
mentioned,1
latin,1
storyparamedic,1
talker,1
hauntsghosts,1
explanationsspirit,1
experiencean,1
blocked,1
api,1
areaphantom,1
modem,1
boyhelp,1
boythe,1
nightcremation,1
terrormy,1
dollsmore,1
golden,1
protest,1
pasa,1
nunca,1
eyesvery,1
ishow,1
círculo,1
todo,1
spn,1
episodeworkplace,1
wronghaunted,1
hauntingpnwparanormalmy,1
therehow,1
questiondog,1
paranormallight,1
havewhy,1
apartmentfirst,1
itselfan,1
horribly,1
knife,1
shakingi,1
morningweird,1
boyshould,1
ignore,1
june,1
rancha,1
experiencehauntings,1
startin,1
headstone,1
onsaw,1
loopmy,1
worstpuzzling,1
mining,1
shovel,1
impaled,1
marker,1
nevada,1
experiencesprobably,1
tonopah,1
motel,1
closetvisited,1
namesaw,1
trembling,1
lightly,1
meditating,1
closetneed,1
indentifing,1
ghostwerid,1
storygrim,1
exorcisim,1
classmate,1
clue,1
similarnight,1
invoke,1
classcan,1
plaza,1
bullion,1
allstrange,1
camthe,1
fattal,1
imaged,1
authentic,1
must,1
bettercould,1
imagine,1
intent,1
phenomenonmom,1
experiencescan,1
mon,1
étranges,1
phénomènes,1
bruits,1
dreamdes,1
tastevisitation,1
coronawhispers,1
nightgolden,1
jobsomething,1
messaging,1
wasghosts,1
downbeen,1
lying,1
boxvoices,1
jumpscare,1
northwestern,1
mindguys,1
truesomething,1
reflectioncan,1
toothlight,1
screwing,1
awayoriginal,1
whatever,1
strategy,1
projeciton,1
suggest,1
expirience,1
alert,1
returning,1
yeta,1
georgiaweirdest,1
unexpectedevil,1
closely,1
dreamsneed,1
mfnight,1
hauntedlooking,1
rainjimena,1
dinner,1
ny,1
hatdoes,1
important,1
entertainment,1
pure,1
camis,1
pull,1
himselfwhere,1
smokei,1
crapped,1
adopt,1
smokeshould,1
roomrepeat,1
existssomeone,1
website,1
tiktoklooking,1
differently,1
spec,1
unfocused,1
buzzing,1
id,1
advicei,1
ruin,1
sheldon,1
wildwhy,1
bison,1
audiocan,1
whenever,1
windowi,1
dogmy,1
waterford,1
huntingstrange,1
smelled,1
consequence,1
neither,1
experiencestories,1
reply,1
dreamgot,1
onestaken,1
doorconstantly,1
thé,1
sleepover,1
myselfi,1
riverneed,1
grudgethe,1
experiencelooked,1
careful,1
windso,1
historyi,1
youngwoods,1
youngwood,1
usable,1
tab,1
itis,1
conversationscan,1
wildlife,1
paranormalmom,1
junta,1
footstepsreligion,1
visitorheavy,1
appointment,1
toyi,1
mcdonald,1
forestis,1
groupsouija,1
kittyparanormal,1
experienceghost,1
nothingmy,1
search,1
wire,1
fencing,1
troubled,1
co,1
barón,1
torrential,1
youngergrandpa,1
doesnt,1
fiance,1
folk,1
dreamhas,1
waited,1
backdemonic,1
millhere,1
fairly,1
path,1
judgemy,1
voiceweird,1
cheeky,1
apartmentpossibly,1
helpsthis,1
artist,1
vr,1
museumaunts,1
englishfelt,1
throughunexplained,1
activitycontact,1
funeralplease,1
minimal,1
necessary,1
although,1
assuming,1
recognition,1
herdoes,1
discarnate,1
legjust,1
climbing,1
houseyoung,1
buildingscreaming,1
historic,1
ishaunted,1
traction,1
subscribe,1
pleasedaughter,1
identofy,1
remindermy,1
hispanic,1
encounterscat,1
postdemonic,1
jam,1
screenshots,1
mic,1
tiled,1
microphone,1
promise,1
ceilinglilith,1
frame,1
childand,1
smokefigures,1
customeranyone,1
finicky,1
tidy,1
forestpossible,1
seánce,1
nightmaresspring,1
cafehoney,1
concept,1
entitywindy,1
experiencethat,1
homelook,1
problemsmore,1
unless,1
forestdoes,1
friendsscreaming,1
visual,1
versus,1
justify,1
utubeghostnot,1
goldrush,1
connected,1
overnight,1
america,1
revelationsthe,1
fellnegative,1
couldve,1
stitchini,1
zecharia,1
monkdiscovered,1
psych,1
admins,1
happeningscould,1
experiencehearing,1
richest,1
prop,1
itselfspirit,1
evpsin,1
club,1
washoe,1
hourmy,1
employee,1
housesitting,1
significantly,1
rich,1
hence,1
workplacegrandma,1
unexpectedlyghost,1
lakehpuse,1
major,1
sever,1
succession,1
goodbyeshepton,1
singing,1
encounterdreaming,1
storynightmares,1
teleported,1
except,1
experiencewas,1
blackmy,1
hereme,1
christian,1
sweeping,1
youtuber,1
mildly,1
happeningswe,1
experienceanother,1
sinister,1
passeddid,1
francenot,1
nocturnal,1
storiesparanormal,1
videolooking,1
burntflamestrange,1
experiencepajamas,1
elevator,1
ati,1
library,1
townsomething,1
houseshi,1
streaming,1
whatspirit,1
ritualany,1
transmutation,1
househere,1
dreamghost,1
yelled,1
luck,1
doghaunting,1
thinkmy,1
laternever,1
soundsi,1
itweird,1
wasneed,1
dandy,1
floordog,1
creaturehas,1
article,1
propertymutual,1
course,1
yearwife,1
witchcraftmy,1
flicking,1
watchedsounds,1
exclusively,1
bottlestarting,1
growlstanley,1
dragon,1
hypnagogic,1
practise,1
memberscreepy,1
anythingthoughts,1
dollmy,1
amityville,1
happenedthe,1
violent,1
driversmy,1
verfied,1
fingernaili,1
dreamsso,1
figureis,1
irli,1
nightcontinuing,1
louisianame,1
pursue,1
amping,1
figuresis,1
paranormalquestion,1
entitiesdreams,1
ancestor,1
paranormala,1
ro,1
somethinghow,1
wormholejust,1
bedemf,1
resembles,1
joshuawhat,1
dreamsghost,1
mh,1
whistle,1
count,1
realitiesi,1
shifted,1
therewhen,1
remind,1
dolljust,1
experiencerobert,1
carmy,1
meare,1
devilmy,1
housesharing,1
boogiemanghost,1
youngsomeone,1
boardsufo,1
toll,1
lightened,1
pray,1
interval,1
fluff,1
camerabest,1
pillow,1
skepticbottom,1
eyesneeding,1
suicidal,1
apartmentstrange,1
itselfam,1
rapidly,1
experiencedogs,1
participate,1
participation,1
viewer,1
trial,1
livestream,1
psychokinetic,1
provoke,1
revolves,1
manvery,1
knocksdoors,1
cellar,1
mosomeone,1
branson,1
phenomenadoes,1
switched,1
clicking,1
lifted,1
shropshire,1
wrapper,1
contagiousalright,1
therehi,1
meow,1
drumshearing,1
shadowwhat,1
leading,1
streeti,1
propiasweet,1
rowso,1
amghosthunting,1
enfield,1
sisterapps,1
offtrue,1
movieold,1
stg,1
evidencei,1
popular,1
startlewhat,1
boardchildhood,1
northwest,1
pacific,1
youngera,1
somebodyi,1
mid,1
experiencewhatever,1
lightchildhood,1
believingi,1
imageshistoria,1
manfound,1
preminituoni,1
projectioni,1
opinionstrange,1
distressmy,1
cageghosts,1
dragging,1
brooklynuncle,1
recoversomething,1
horseback,1
page,1
recentlyi,1
serverknocking,1
wallplzz,1
spin,1
experiencescross,1
𝒄𝒓𝒆𝒂𝒕𝒖𝒓𝒆,1
𝒔𝒄𝒂𝒓𝒚,1
encountersastral,1
official,1
slippage,1
doorsleep,1
unnaturally,1
dumb,1
existmight,1
creaturei,1
flashsmall,1
schoolunexplained,1
activityi,1
tucson,1
patrol,1
snowed,1
fenced,1
grandmaanyone,1
opinionsmy,1
evpquestion,1
disease,1
advancing,1
tiger,1
louisiana,1
youngerweird,1
bay,1
coo,1
direction,1
togetherhuge,1
spookythere,1
invoked,1
creaky,1
entityan,1
base,1
honestmy,1
experiencealright,1
ga,1
loganville,1
dropped,1
communitiesphone,1
australiaredditors,1
hospitalmoffitt,1
entityshadow,1
househearing,1
deathsleep,1
nagraniai,1
paranormalne,1
strasznie,1
dziecko,1
niewinne,1
atakuje,1
encountersdemon,1
bedthe,1
texastucked,1
austin,1
toddlergoldfield,1
basementis,1
cart,1
shopping,1
dollparanormal,1
qld,1
junjudee,1
gifting,1
charcuterie,1
taca,1
tic,1
pixel,1
morph,1
jerky,1
patience,1
campi,1
isa,1
figuresmy,1
roomrandom,1
sonorbs,1
holesomething,1
dollman,1
ballswhat,1
themselvesstrange,1
agohas,1
boardjinn,1
explainhit,1
nightgregorian,1
creeky,1
batha,1
everytime,1
witnessghost,1
seaswhite,1
carib,1
beckons,1
bathrooma,1
scaredfriend,1
injured,1
sick,1
successfully,1
unborn,1
answersdo,1
noisei,1
dinonuggets,1
postentity,1
eyesso,1
voicessaw,1
riverold,1
linger,1
carpathian,1
bfblack,1
oneprobably,1
twocircus,1
jefferson,1
excelsior,1
gould,1
doorthis,1
intuitiondevil,1
threea,1
badcircus,1
comfortable,1
lolhouse,1
property,1
mcraven,1
spiritvarious,1
vicksburg,1
tourguide,1
awayi,1
daymy,1
puzzle,1
tradition,1
hallwaystrange,1
telepathy,1
homewinchester,1
duplicate,1
gift,1
experiencecan,1
alivemy,1
strictly,1
ghostsstanley,1
crazyi,1
occuring,1
interactive,1
mannerismcraziest,1
mission,1
dollan,1
sidehaunted,1
myselfseeking,1
clarify,1
absolute,1
outis,1
knockingshould,1
retreattheoretically,1
aroundexpierince,1
stairwell,1
entering,1
momus,1
sanatorium,1
waverly,1
crazyshadow,1
apartmentphoto,1
peninsula,1
lodge,1
itfamily,1
apparant,1
californiameeting,1
storiesmeeting,1
anticlimactic,1
apparitioninteraction,1
whitehave,1
huntgirl,1
sleepevidence,1
roofweird,1
encounterhearing,1
legslegit,1
wrapping,1
awakemy,1
escape,1
doordid,1
miscarriageevp,1
raincoatstory,1
correction,1
midland,1
hadknocks,1
nightsome,1
backyou,1
kitten,1
wallmy,1
orbscan,1
spiritfloating,1
urn,1
beddon,1
thrift,1
bean,1
submitted,1
drivingphoto,1
outcan,1
messed,1
depend,1
doorserious,1
observe,1
saving,1
whistlermy,1
aloneat,1
arizona,1
trucker,1
cryingcan,1
mississippi,1
lastnightdoes,1
laughter,1
lighti,1
dearest,1
motherjust,1
burqathe,1
classthe,1
everywherean,1
nonsense,1
visitmoving,1
imagined,1
yearsghosts,1
arsonist,1
sibling,1
nightsudden,1
gaexperience,1
marietta,1
drama,1
larger,1
unveiled,1
structure,1
pasado,1
haber,1
pudo,1
porque,1
saber,1
ourselvesquiero,1
lowresgif,1
tug,1
sleepwe,1
mana,1
simply,1
byi,1
usparanormal,1
woodssomehting,1
woodsstrange,1
cameradark,1
teacher,1
cabinetsee,1
cawhy,1
whaley,1
neighborhood,1
windowhas,1
covei,1
ranchthe,1
mt,1
icuanybody,1
doortwo,1
awaydid,1
lore,1
encountervanished,1
perforation,1
lotmy,1
peoplei,1
scratchesshadow,1
villageweird,1
gosaidanga,1
trace,1
timingwho,1
messagenight,1
shiftedmy,1
machineapparition,1
washing,1
bucket,1
enitity,1
taunting,1
british,1
drillrecent,1
exited,1
thurston,1
volcano,1
attichard,1
nyi,1
vehicle,1
musichow,1
roomelevator,1
encountershadow,1
blacked,1
worldhow,1
nombrehelp,1
susurraron,1
rod,1
bedmandela,1
teasing,1
directed,1
illuminate,1
tonightvideo,1
latermy,1
remembering,1
easiest,1
seeni,1
suicidethe,1
rooman,1
doordon,1
decoy,1
whydid,1
dissapearing,1
happeningweird,1
penh,1
phnom,1
listenkilling,1
ta,1
schoolnighttime,1
ontario,1
hickson,1
joinedwhich,1
kodak,1
vividly,1
baptismresponse,1
fireplace,1
selfies,1
creek,1
fish,1
redone,1
wale,1
overreactingwe,1
seencan,1
circa,1
lettery,1
tooth,1
footstepsthe,1
lettertrue,1
unsend,1
venturai,1
mexican,1
fedorai,1
sonwhen,1
brewerymy,1
sensitivity,1
landing,1
uppennies,1
throughattachment,1
showerghost,1
couldnt,1
slammed,1
taste,1
experienceall,1
occasionsmy,1
hallwaysimmediate,1
surrounding,1
legitimate,1
storiesis,1
grandmotheranyone,1
africa,1
gardensomething,1
warned,1
upstairssomething,1
channeltoday,1
experiencefirst,1
narrationsunforgettable,1
chicago,1
onghosts,1
published,1
nighthas,1
belived,1
attachmenti,1
bike,1
ghostslady,1
wrap,1
fieldtwo,1
hauntingghost,1
boga,1
summoned,1
traileri,1
kidwant,1
childour,1
belovedmirrors,1
doora,1
channeli,1
opennew,1
diedtapped,1
ini,1
capmy,1
homesoldier,1
garagemy,1
englandghost,1
warwickshire,1
fatherlet,1
rilaughably,1
encounterstrue,1
memoriesi,1
clocksas,1
floorhey,1
personfricking,1
jumpingomglooking,1
tragedy,1
narration,1
joshomatic,1
parker,1
omni,1
boston,1
poltergeistanyone,1
nightclub,1
cementerymy,1
inni,1
denham,1
storyneed,1
figurehorror,1
hauntedunnaturally,1
channelmy,1
became,1
featured,1
experienceany,1
pasos,1
realthe,1
oppressionvoicesis,1
experiencedemonic,1
fob,1
chimesthe,1
abueloswind,1
sus,1
girlmy,1
storystories,1
shapeshifterghost,1
househerpossibly,1
mississippiold,1
cara,1
ukbackroad,1
hampshire,1
stormy,1
littlei,1
woodshaunted,1
cabin,1
relate,1
increasing,1
houseslowly,1
encounterit,1
necklace,1
fathermy,1
comfort,1
peoplecould,1
toxic,1
seekwhy,1
motherscary,1
entityheard,1
photobombing,1
portraying,1
storiespicture,1
mandisney,1
kidit,1
encountersexpanding,1
georgiademonic,1
memoryi,1
animalhaunted,1
sideghost,1
playmate,1
dyinga,1
creepyghosts,1
wallswhat,1
visitbleeding,1
jane,1
experienceaunt,1
anywhere,1
ebay,1
childi,1
noiseswhat,1
spidermantell,1
experiencehi,1
plsghostsmenacing,1
closetweeping,1
beforeghost,1
womanthere,1
grab,1
armi,1
placeshadow,1
bathing,1
woodstrue,1
expertsdark,1
gravethat,1
guided,1
publiclyswimming,1
ouijaquestion,1
aterradoras,1
experiencesexperiencias,1
crashcreepy,1
schooli,1
roomvoices,1
cottagewhat,1
responds,1
agolady,1
groani,1
expecting,1
recognize,1
indiana,1
ghostsphoto,1
relationship,1
hauseintimate,1
muy,1
helploud,1
infestationouija,1
distance,1
gate,1
alaska,1
freezing,1
lancashire,1
surrounded,1
entitieswe,1
pearl,1
harbor,1
arizonaheres,1
ik,1
requesting,1
regularly,1
dadhow,1
input,1
reappears,1
houseanyone,1
knockingvisiting,1
furniture,1
essence,1
tb,1
goi,1
debate,1
terrifyingreal,1
roomlast,1
trueis,1
chicagoraves,1
codeenergies,1
minded,1
rarely,1
horrible,1
pertain,1
contextfavorite,1
various,1
expansion,1
flow,1
opposition,1
diametricaly,1
membrane,1
colliding,1
ukmeaningful,1
grafton,1
mode,1
pitch,1
mutual,1
aim,1
cuz,1
gruffing,1
ppl,1
experiencesmy,1
photoabnormal,1
experincesgrim,1
par,1
yrsthe,1
bansheeno,1
freeaiden,1
cascabeles,1
cetro,1
tenga,1
rece,1
entidad,1
alguna,1
dosister,1
penhurst,1
helppossible,1
atticskeptics,1
suitor,1
againwhat,1
stated,1
bornshapeshifter,1
alonevisitation,1
spinecreepy,1
housechills,1
mirrorthat,1
citywomen,1
dirty,1
bump,1
apartmentput,1
beingmimics,1
cropped,1
unfortunately,1
smartphones,1
infestationthis,1
lifepossible,1
tribute,1
fallen,1
floridaso,1
shocked,1
woodsunsure,1
friendparanormal,1
alleged,1
nightwhy,1
remembersthe,1
pushedgrandma,1
noodle,1
stranger,1
summit,1
realanyone,1
roomthe,1
patterson,1
stabilize,1
mundane,1
recordingis,1
explanationstory,1
copyright,1
kidmy,1
activitymother,1
figurewhich,1
openouija,1
mu,1
benevolent,1
storyhow,1
deny,1
religious,1
housegranny,1
againhaunted,1
toospirit,1
influence,1
mant,1
oldthis,1
huntingtake,1
nightgenuine,1
legendsupdate,1
halloweensaw,1
torn,1
ondo,1
appliance,1
unplugged,1
playmy,1
experiencesupernatural,1
lotwhat,1
parking,1
openghastly,1
alonemy,1
snoring,1
friendi,1
opportunity,1
monthverified,1
hallmy,1
tudor,1
agoexperiences,1
auditorium,1
toasterghost,1
foresthaunted,1
midwest,1
teleports,1
agobrightened,1
heropinions,1
hertaken,1
breathy,1
susie,1
joker,1
countdown,1
happenedstrange,1
statuecan,1
buddha,1
unique,1
ghostsghostwatch,1
beileve,1
melady,1
included,1
malevolent,1
block,1
timea,1
persongrowing,1
distant,1
museummy,1
gaol,1
cork,1
storycaptured,1
happeningmy,1
floori,1
wax,1
hauntedrandom,1
realmy,1
receivedi,1
interviewsleprechaun,1
limit,1
amigamy,1
expierencesany,1
address,1
creative,1
serial,1
thingmore,1
housedesert,1
cleansing,1
push,1
soundtrack,1
track,1
boat,1
sightingthe,1
arouraspersonal,1
usquestion,1
cookiethis,1
deskfortune,1
furnace,1
explains,1
tangential,1
radial,1
wrongdreams,1
centuryany,1
tripa,1
retail,1
burglary,1
hotelrunning,1
cheetah,1
bottom,1
peopleshaman,1
hauntedis,1
scarier,1
possesion,1
campus,1
lloronawhat,1
examwho,1
entitythat,1
wrongtall,1
visitationscreen,1
witchstone,1
tape,1
yes,1
elementary,1
whistlingparanormal,1
mineto,1
visitationsince,1
tattoosmy,1
househey,1
nannie,1
napkin,1
themed,1
cameraso,1
bridgein,1
wallsaw,1
squad,1
firing,1
nightshepton,1
pizza,1
abandon,1
vanishes,1
stella,1
thinklet,1
minnesotaa,1
evidenceweird,1
photographic,1
combined,1
oneso,1
housevisitation,1
puff,1
translated,1
sumerian,1
amulet,1
banishing,1
paranoia,1
boypremonition,1
skillshaunted,1
famousprobably,1
yearnew,1
agoghost,1
branding,1
handpoked,1
homethis,1
upwhat,1
passedmysterious,1
marked,1
shadowiphone,1
temperature,1
cutssudden,1
corley,1
parson,1
namedo,1
reasondid,1
oppressed,1
demonically,1
priest,1
hallwayouija,1
florida,1
companyghost,1
funky,1
murdererso,1
ghosty,1
twittersince,1
passionpeachy,1
technically,1
realized,1
wandered,1
teaching,1
lecture,1
shouldervisitation,1
trainshadow,1
designed,1
introducing,1
bisa,1
itselfghostly,1
flicked,1
storylocal,1
camerawhy,1
unexplainablernsomething,1
blast,1
philippinesouija,1
currentlycreep,1
happeningthe,1
happeningsomething,1
ghostrandom,1
hike,1
experiencevideo,1
gateschest,1
ithaunted,1
pali,1
believepervy,1
childhoodpossible,1
peripheral,1
beingsphone,1
whimsical,1
yearsbreathing,1
interruptionmet,1
loitering,1
thereused,1
housecoincidence,1
swing,1
flight,1
teleporting,1
frequentodd,1
nest,1
treei,1
patchogue,1
morningwoke,1
curiousitiesvoice,1
childparanormal,1
tad,1
equipmentjust,1
auntmy,1
seek,1
againhide,1
cardiff,1
cathedral,1
llandaff,1
refrigerator,1
eyessaw,1
horriblesaw,1
happeningthose,1
windchime,1
visionsparanormal,1
warningi,1
waze,1
meif,1
waterwoke,1
kitchenhand,1
noisecan,1
australiawoke,1
coburg,1
pentridge,1
experienceghosts,1
spotsleep,1
meone,1
solo,1
outwhite,1
conduct,1
storyshould,1
tantra,1
improve,1
mangreenwood,1
iris,1
manmedical,1
frog,1
itselfthe,1
cracked,1
howling,1
grandson,1
timedid,1
cemeterytrue,1
scarred,1
taller,1
irelandwhat,1
phasing,1
peoplehallway,1
deaththe,1
happenedskeptical,1
facilitiesi,1
apartmenthaunted,1
encountertaken,1
stove,1
mouth,1
travel,1
nintendo,1
ctdo,1
norwich,1
monthssomething,1
backyarda,1
updateunexplainable,1
witnessedan,1
somethingquestion,1
entered,1
dosent,1
diehow,1
sold,1
youngeri,1
terrorvivid,1
besides,1
analyst,1
forensic,1
retired,1
contains,1
nycmy,1
pier,1
blanketsomething,1
grandpahow,1
pierthe,1
lowe,1
andrew,1
soulpictured,1
annoyingsaw,1
todayit,1
salvadori,1
channelis,1
crowley,1
nick,1
ticketsthoughts,1
concert,1
hadhappened,1
deja,1
downin,1
upside,1
sheet,1
postedwaking,1
meequipment,1
mislead,1
shushed,1
childwoke,1
nexpo,1
worldplace,1
callghost,1
evening,1
facetime,1
stairsmimic,1
woodscrawling,1
nextplease,1
aunthousehold,1
tartinithe,1
giuseppe,1
mythology,1
hinduism,1
relation,1
farreal,1
omg,1
hauntingtheoretically,1
orphanage,1
storiesan,1
droplet,1
diseased,1
kidwell,1
island,1
honduras,1
cementery,1
nightwalking,1
watchghost,1
nowbizarre,1
ghosthelp,1
witched,1
italian,1
actmy,1
union,1
nowwent,1
whistlingwhen,1
noisesrandom,1
manshoe,1
french,1
organization,1
nightvideo,1
argentinathe,1
gamegirl,1
posseded,1
sensor,1
heada,1
screamsheard,1
questionlooking,1
dollscreepy,1
porcelain,1
kitty,1
knockspirit,1
heartbeatlate,1
crashed,1
scarei,1
streettrangender,1
nowwhen,1
eyesmalasian,1
spain,1
anvp,1
protection,1
vidéo,1
reviewingghost,1
attachmentjust,1
upis,1
uncannybeen,1
bbc,1
todayi,1
hoax,1
elaborate,1
phasmabox,1
plugged,1
clowndid,1
ocurrences,1
hauntedparanormal,1
nightmareneed,1
woodsi,1
corrali,1
binging,1
walki,1
agence,1
discovery,1
isleaked,1
anomely,1
intro,1
alonenecrophonic,1
nerd,1
thorntonthree,1
bob,1
billy,1
giamatti,1
explosionnever,1
repairing,1
exploded,1
unit,1
condensing,1
questionsdo,1
decidedisappearing,1
shelvesi,1
rather,1
mesome,1
seekersi,1
diedsteven,1
helpmoved,1
happenedis,1
demonsi,1
warriorangels,1
wounded,1
emphasis,1
ghostsadvice,1
extra,1
farmhouse,1
dakota,1
encounterthis,1
spiritually,1
balconyas,1
meangry,1
personthe,1
devilproctor,1
monsterghost,1
dangerouswhat,1
cheekanyone,1
brushed,1
enforcement,1
realany,1
cursing,1
recentlywako,1
anymore,1
occur,1
menot,1
lightwoke,1
ghostsrandom,1
basementcare,1
finished,1
nice,1
entityghost,1
realitylights,1
truthfully,1
backwas,1
thingsdemonic,1
summoning,1
possibilitysomething,1
experiencespirit,1
highschool,1
ocurrings,1
ghoststrange,1
thereparanormal,1
chasing,1
camerais,1
querycreepy,1
dreamsparanormal,1
devine,1
handprintsa,1
catsomething,1
mesomething,1
silver,1
growlis,1
nowis,1
voidghost,1
nightghosts,1
mam,1
lucid,1
postweird,1
smoky,1
visitorplease,1
neighborwhat,1
beat,1
photoghost,1
jerseystrange,1
warren,1
stole,1
minnesota,1
feelingthis,1
desertannoying,1
windowstrange,1
lightmy,1
heterodyning,1
pokemon,1
itselfstrange,1
contacted,1
randi,1
james,1
pennany,1
linked,1
knowthoughts,1
cod,1
constant,1
cape,1
homies,1
zone,1
wth,1
direct,1
decipher,1
tunneli,1
star,1
wyomingmy,1
alonewhat,1
suppose,1
haired,1
gray,1
lately,1
behavior,1
infirmarywhat,1
randolph,1
filmed,1
believerphantom,1
occurrencetrue,1
groundstrange,1
predictionliving,1
danger,1
experiencewaking,1
wata,1
mami,1
camerastrange,1
rocking,1
angleweird,1
typo,1
typosok,1
understanding,1
cptsd,1
triggering,1
ghosttw,1
debunkmy,1
cafe,1
ridge,1
shapeshifting,1
mysteriously,1
dementor,1
instance,1
repeated,1
childrenanyone,1
reflectiongood,1
apologise,1
bestpossible,1
oklahomahead,1
mestrange,1
noiseupdate,1
zonestrange,1
conversation,1
existedphone,1
sleepi,1
doubleshadow,1
run,1
kicking,1
nightdoes,1
whiter,1
shakewhat,1
subwooferwhy,1
vibrating,1
presenting,1
uncommon,1
shiftchild,1
fighting,1
scanning,1
experienceformer,1
musici,1
grandfatherhearing,1
explainable,1
ghostboxgot,1
naughty,1
phenomenongrim,1
shiftthis,1
selfsomething,1
click,1
idiot,1
ghostsupdatei,1
crazydo,1
laterex,1
sensation,1
bodily,1
culminating,1
wierdest,1
mindknock,1
doorcomforting,1
grandpamy,1
lurker,1
photosis,1
apartmentused,1
louchesmall,1
possessedsuper,1
briefly,1
evili,1
waterprevious,1
deadmy,1
debunkingthat,1
naked,1
arrive,1
irldaily,1
experiencenightmare,1
hauntedstrange,1
daydream,1
unknownterrifying,1
pasadodaring,1
experiencezoom,1
indonesian,1
amateur,1
paranormalmalevolent,1
describe,1
nightmarethe,1
pathologist,1
thisa,1
daysa,1
colored,1
mentally,1
traductionhelp,1
sry,1
hospitalonce,1
anoka,1
lighthelp,1
panicking,1
circlei,1
haya,1
skinwalkers,1
cuenten,1
jotungente,1
goodbyesthings,1
coronation,1
charles,1
sleephad,1
normandy,1
instrumentsfor,1
attention,1
assume,1
knocksso,1
rememberthe,1
drive,1
jaila,1
sarah,1
crawling,1
encounterpsychic,1
civilization,1
safethe,1
courseulles,1
heat,1
bfsaw,1
sittingsleep,1
housebottle,1
doomsday,1
rattling,1
figurecreepy,1
western,1
basementno,1
pleasedogs,1
existenceadvice,1
creaturelife,1
distracted,1
hauntedpossibly,1
triplex,1
sur,1
meri,1
expect,1
butvideo,1
encounterunexplained,1
gytrashis,1
showerthe,1
momare,1
beforehand,1
planning,1
posistrd,1
tiktokmy,1
everythingplease,1
nighthaunted,1
housequestions,1
somethingblack,1
attracted,1
decadesmy,1
photograph,1
namei,1
locality,1
apartmentcan,1
reflected,1
governor,1
spanish,1
upi,1
ballzzy,1
paralysisquestion,1
diegosleep,1
coronado,1
food,1
mischievous,1
ownpossibly,1
insanehaunted,1
midwesti,1
venuethe,1
obviously,1
channelsis,1
antonio,1
framed,1
heathrow,1
agoblack,1
randomseries,1
giftsfootsteps,1
bringing,1
childheavy,1
healed,1
buildingheard,1
bookbinder,1
numberplease,1
existent,1
catthe,1
lmy,1
homesomething,1
wayi,1
experienceneed,1
foreheadmy,1
homethe,1
condensation,1
mirrorcross,1
amityvillejinn,1
thoughtsthe,1
complete,1
hurting,1
bedwhen,1
bedsomething,1
skini,1
reddish,1
nightmarewhat,1
graveyardthe,1
foghouse,1
experiencesghost,1
soaking,1
housepossession,1
hadghost,1
skinwalkerghost,1
avenue,1
coworking,1
wcould,1
offered,1
pliny,1
nightathenodorus,1
monitor,1
houseshadow,1
womanmy,1
oozing,1
laterno,1
exact,1
dreamed,1
initial,1
deliberately,1
maybeam,1
myziam,1
dollarssounds,1
billion,1
cursedmy,1
everywhererounded,1
tumbling,1
christianity,1
storyhelp,1
thinkthe,1
mothermy,1
patternsentity,1
patternsparanormal,1
biblehooded,1
advicethe,1
chatting,1
roomhelp,1
curiousthere,1
ouji,1
pen,1
housewhat,1
bedstrange,1
downsomething,1
fixated,1
dieunpopular,1
decarab,1
opinionsa,1
wallswho,1
peeweird,1
surgeryi,1
inany,1
santa,1
lizard,1
bud,1
ghostsome,1
dreamdestroyed,1
lifealien,1
holewhen,1
coveredgoing,1
hauntedfeeling,1
experiencethis,1
boardshelp,1
wickenburg,1
clownpossible,1
appreciated,1
lifeparanormal,1
brushi,1
dimmingpretty,1
awful,1
tricking,1
encounterwas,1
boardbedroom,1
blessing,1
nm,1
youweird,1
alto,1
pinos,1
saloon,1
buckhorn,1
existwondering,1
yesterdayi,1
zipped,1
acid,1
espcreepy,1
experienceunexplained,1
whispersmy,1
typical,1
texasi,1
facehaunted,1
faceblack,1
boyparanormal,1
deathyoung,1
anniversary,1
dreammy,1
leaning,1
animating,1
talki,1
fieldyounger,1
snowi,1
chicken,1
attempted,1
situationorb,1
facelighting,1
kidpicture,1
experiencessleep,1
manencounters,1
mediaa,1
experienceparanormal,1
dresed,1
blonde,1
vanishesjust,1
postcreepy,1
answering,1
rent,1
exorcismdisembodied,1
pal,1
ankle,1
lower,1
wading,1
heaviness,1
lifeshadow,1
latelywhat,1
impressive,1
renewable,1
recentlywhich,1
eagle,1
along,1
questionsmy,1
attempting,1
ghostscaught,1
hainthow,1
activitymy,1
hurtscan,1
thisparanormal,1
peoplethen,1
housedaughter,1
drawercamping,1
pacemaker,1
gotphoto,1
behaviorhearing,1
mefoot,1
bootsi,1
servicewall,1
trafficker,1
housecrazy,1
dropping,1
gohst,1
deski,1
narcos,1
againlight,1
sect,1
llorna,1
satanic,1
cursedshould,1
pine,1
backthe,1
stageto,1
miami,1
ymca,1
commanded,1
us,1
eldridge,1
philadelphia,1
user,1
file,1
pdf,1
friendsuncannyi,1
activitytall,1
parasomnia,1
traveler,1
againdemon,1
yeah,1
momtrue,1
karma,1
instant,1
anecdote,1
effected,1
informationcan,1
storieshistoric,1
windowmy,1
everydayjail,1
davy,1
bedpossible,1
grabby,1
therethe,1
thoi,1
baltimore,1
wine,1
sleptpossible,1
hauntedpossible,1
nightmarei,1
drawing,1
yosemite,1
automatic,1
ready,1
catan,1
pilgrimage,1
kelsie,1
ck,1
introduction,1
offcrazy,1
producer,1
host,1
noiseim,1
whomp,1
nightsleep,1
iishisuper,1
unpleasant,1
thebdoorthe,1
pennsylvaniabad,1
possessedpennhurst,1
irl,1
sexual,1
youve,1
deadouija,1
hotelcan,1
earthoughts,1
houseam,1
hauntedturns,1
ripi,1
ocasek,1
ric,1
chimeyep,1
flagler,1
lodgehave,1
sweat,1
deathsat,1
era,1
lightsshadow,1
suite,1
garage,1
witnessis,1
verified,1
believewhy,1
diedcan,1
ownersaw,1
precognition,1
himmy,1
rna,1
passedi,1
feedead,1
exorcism,1
fellowsuniversity,1
belowi,1
vibrateinformation,1
dogssleep,1
feeding,1
skythe,1
atlanta,1
mural,1
voicescreepy,1
psychicthe,1
mancould,1
friendthe,1
og,1
encounterthrift,1
campout,1
ea,1
appendix,1
comforted,1
situation,1
mewyd,1
encounterrandom,1
soldiersmy,1
encounterspirits,1
supermarket,1
robin,1
auschwitzwas,1
bun,1
stayguard,1
bil,1
backdo,1
agian,1
ruptured,1
jolted,1
grandpasummer,1
existtranslucentmy,1
triangulated,1
faith,1
solidify,1
figurewhat,1
disappearedreal,1
weirdlarge,1
manmy,1
mediumthe,1
encounterwhat,1
volume,1
song,1
picturelittle,1
mirrorcoworkers,1
harm,1
meant,1
suicideimaginary,1
friendswould,1
weirdnessfeeling,1
believable,1
france,1
uneditedgrandparents,1
nightphotos,1
voicesa,1
camimitating,1
roku,1
footageweird,1
happeningusing,1
purchase,1
arrived,1
helpit,1
smudging,1
stayshadow,1
minnesotavision,1
experiencehaunted,1
activityare,1
venue,1
swansea,1
itemsmysterious,1
uneventful,1
benign,1
itunknown,1
satirical,1
jackdoes,1
heeled,1
hauntedspring,1
bedi,1
postdoes,1
exampleshere,1
accurate,1
request,1
windowhi,1
bedtimearizona,1
dogthe,1
houseunexplainable,1
nightfilmed,1
closetpretty,1
mewhisper,1
gently,1
spacehave,1
bathroomscratching,1
incubusdose,1
terrorspennhurst,1
subnighttime,1
espartuwhy,1
espo,1
hotelmy,1
fieldthe,1
cane,1
libroit,1
después,1
espíritus,1
ver,1
tugged,1
prayingany,1
washington,1
onmajka,1
mount,1
famed,1
wheatcraft,1
pedro,1
hernandez,1
jackie,1
workin,1
method,1
inwhat,1
announcement,1
ama,1
forgot,1
cesto,1
umrla,1
je,1
character,1
issuesthe,1
magical,1
acted,1
speech,1
encounterspirit,1
whatthe,1
mountainsneed,1
paranormalweird,1
deathfaith,1
unexpected,1
grandaddy,1
worldi,1
consensus,1
psi,1
inhibits,1
actively,1
force,1
dreamsjewellery,1
grannyhauntings,1
overwhelming,1
worshipmy,1
invadersi,1
term,1
childrencan,1
describes,1
workwhat,1
poltergeisthi,1
endvan,1
eyesusers,1
thigh,1
patternsrandom,1
strength,1
activityghost,1
experiencedhi,1
clearscary,1
tn,1
investigatorsmom,1
boxparanormal,1
apartmenttrue,1
ghostshauntings,1
apartmentam,1
galooking,1
playdiscussing,1
playperplexed,1
unbeknownst,1
appearance,1
playouija,1
perplexed,1
playrabbit,1
mausoleumi,1
nashville,1
housesingle,1
flghost,1
huff,1
storiescheese,1
awaylooking,1
coatwas,1
bonaventure,1
storieshow,1
ignoring,1
ebaystrange,1
investigationaita,1
cage,1
squirrel,1
realcan,1
everythingmy,1
sidethe,1
fatherthat,1
timesthat,1
mehearing,1
dale,1
arkansasneed,1
liesghost,1
introduced,1
preserve,1
woozy,1
loss,1
illusive,1
cd,1
encounterdemon,1
forum,1
gathered,1
march,1
pompeii,1
itselfghosts,1
player,1
bag,1
noon,1
mewhen,1
ussome,1
activityfirst,1
houseincreasing,1
campwondering,1
maatapi,1
pouring,1
quiero,1
ayuda,1
hacer,1
hechizo,1
workdid,1
tough,1
river,1
signifies,1
marble,1
soulshadow,1
motherkeeping,1
facemy,1
assholewoman,1
raging,1
banished,1
wvhow,1
thurmond,1
workcreepy,1
separacionfake,1
classroomhas,1
paranoidhow,1
japanrelationships,1
postrandom,1
shat,1
thinkabsolutely,1
hairdon,1
gatesomeone,1
meeting,1
apartmenthospice,1
knowledgeable,1
hotelwhat,1
cameraclouds,1
housedark,1
explanationim,1
circuit,1
blanketshared,1
toothe,1
subscribepicture,1
myselfone,1
phonedid,1
memo,1
storytoo,1
skin,1
puddlesweird,1
apologize,1
paranormalvideo,1
duplicated,1
advocate,1
graveyarddevils,1
showmy,1
echo,1
contacting,1
disturbed,1
stuffdoes,1
unidentified,1
gatesjust,1
roomface,1
wolflady,1
existvision,1
truthwhen,1
globe,1
stall,1
womanstuffed,1
dieddemon,1
repels,1
symbol,1
exploration,1
stairsurban,1
asleepgila,1
upfinding,1
veilone,1
tail,1
cragside,1
bonesi,1
blank,1
dallasghost,1
dallascan,1
paranormalwhat,1
summon,1
filled,1
waterthis,1
notmy,1
daily,1
happenedencounter,1
process,1
fade,1
politely,1
presenc,1
opinionesi,1
spiritnecesito,1
communion,1
hallwayongoing,1
dim,1
worsestrange,1
attachmentit,1
agomaybe,1
housevery,1
encountersreflection,1
ought,1
fart,1
bathroomlights,1
ofghost,1
layman,1
doorwhere,1
crack,1
nowyou,1
shivering,1
hauntedam,1
nanas,1
camcorder,1
technique,1
encounteredghost,1
grandpamost,1
buttspoke,1
driveenjoy,1
camerai,1
hue,1
insanely,1
analysis,1
darkgot,1
mothereyes,1
languageweird,1
momghosts,1
truethe,1
huntingprophetic,1
paralysiscan,1
sawterrifying,1
flashesparanormal,1
entry,1
announced,1
jar,1
origin,1
experiencedguest,1
homecan,1
explored,1
graveyardphone,1
killoughs,1
hallucinated,1
neightborhoodtrying,1
thanksmy,1
answersghost,1
dooram,1
workgood,1
houserandom,1
miguelspirit,1
mentor,1
swampfucked,1
hockomock,1
nut,1
rempod,1
eventcamera,1
nighthalloween,1
walesweird,1
sleepsaw,1
battlefieldwhistling,1
keyis,1
experiencekinda,1
correct,1
dreamsare,1
sanity,1
belivequestioning,1
alright,1
replied,1
guidanceis,1
awayis,1
skill,1
informationwtf,1
truthapparition,1
planchette,1
agocan,1
museumpretty,1
guidancetb,1
fanmon,1
bent,1
monument,1
hissing,1
bluesthe,1
rodraiford,1
luminous,1
feeti,1
happenedcreepy,1
coincidencei,1
technology,1
starescan,1
michiganevery,1
alienmost,1
dimming,1
scratchesencounter,1
dreamweird,1
commentswhy,1
etx,1
officebf,1
buggenerational,1
persistwoke,1
hauntingbrand,1
movementthe,1
covered,1
dogsso,1
fascinating,1
facespooky,1
calm,1
blurrycan,1
crime,1
paralysisdid,1
insighthaunted,1
bounced,1
trainer,1
kenzie,1
jason,1
suddenis,1
